year,ev_sales_share_cars,ev_stock_share_cars,chargers_total,chargers_fast,chargers_slow,iso3c,gdp_pc_ppp,population,country,income_group,brent_usd,chargers_per_mn,chargers_per_mn_itp,ln_gdp_pc_ppp,ln_population,ln_brent,ln_chargers_per_mn,ln_charger_density_itp,chargers_growth,chargers_growth_lag1
2015,0.19,0.027,,,,AUS,46464.5867627929,23815995,Australia,HIC,52.35333333333333,,19.51807593409852,10.74644572643619,16.98586797173483,3.9580156092786187,,2.971341007176837,,
2016,0.15,0.037,,,,AUS,47446.2103030951,24190907,Australia,HIC,43.54833333333334,,19.51807593409852,10.76735193368509,17.001487376715872,3.7738714323786655,,2.971341007176837,,
2017,0.25,0.052,480.0,40.0,440.0,AUS,48564.8286592372,24592588,Australia,HIC,54.2475,19.51807593409852,19.51807593409852,10.790654857759316,17.017955654689374,3.9935569084094085,2.971341007176837,2.971341007176837,,
2018,0.41,0.077,731.0,61.0,670.0,AUS,50371.233830782,24963258,Australia,HIC,71.06083333333333,29.28303669336751,29.28303669336751,10.82717553378974,17.032915621793506,4.263536317703028,3.3770083959205466,3.3770083959205466,0.5229166666666667,
2019,1.2,0.14,1960.0,260.0,1700.0,AUS,52885.8313816377,25334826,Australia,HIC,64.35833333333333,77.3638626924061,77.3638626924061,10.875890744195223,17.04769052889935,4.164466425787218,4.348519781289487,4.348519781289487,1.6812585499316004,0.5229166666666667
2020,1.1,0.18,2480.0,480.0,2000.0,AUS,54184.1614486854,25649248,Australia,HIC,41.759166666666665,96.6889945467407,96.6889945467407,10.900143920527931,17.06002481141249,3.731918988075146,4.571499585710814,4.571499585710814,0.26530612244897966,1.6812585499316004
2021,2.8,0.32,2770.0,770.0,2000.0,AUS,58327.4146842325,25685412,Australia,HIC,70.6775,107.84331588685437,107.84331588685437,10.973827496533854,17.061433762245418,4.2581272761411615,4.680679394900242,4.680679394900242,0.11693548387096775,0.26530612244897966
2022,5.0,0.59,3300.0,1200.0,2100.0,AUS,66103.1797066957,26018721,Australia,HIC,100.77749999999999,126.83175318264107,126.83175318264107,11.098972129171383,17.07432687534397,4.612915116435538,4.842861430074875,4.842861430074875,0.19133574007220222,0.11693548387096775
2023,12.0,1.2,3010.0,810.0,2200.0,AUS,72272.7092136683,26659922,Australia,HIC,82.46833333333333,112.90355613193466,112.90355613193466,11.188201870964296,17.098671946979124,4.412414381271988,4.726533968728072,4.726533968728072,-0.08787878787878789,0.19133574007220222
2024,13.0,1.9,6700.0,3900.0,2800.0,AUS,72111.1844628126,27196812,Australia,HIC,80.52666666666666,246.35240336257058,246.35240336257058,11.185964435553363,17.118610318514726,4.388588392509022,5.506763044828605,5.506763044828605,1.2259136212624586,-0.08787878787878789
2017,2.0,0.38,,,,AUT,53869.8321183556,8797566,Austria,HIC,54.2475,,419.1479202515338,10.894325899247885,15.989985650281024,3.9935569084094085,,6.038223889247708,,
2018,2.6,0.53,,,,AUT,56636.4953030542,8840521,Austria,HIC,71.06083333333333,,419.1479202515338,10.944408849741546,15.994856369528714,4.263536317703028,,6.038223889247708,,
2019,3.5,0.75,3722.0,22.0,3700.0,AUT,60354.9279422121,8879920,Austria,HIC,64.35833333333333,419.1479202515338,419.1479202515338,11.007997879235287,15.999303105918763,4.164466425787218,6.038223889247708,6.038223889247708,,
2020,9.5,1.2,8600.0,1500.0,7100.0,AUT,58523.0337816246,8916864,Austria,HIC,41.759166666666665,964.4646368947648,964.4646368947648,10.977175695581582,16.003454873234418,3.731918988075146,6.871573166971455,6.871573166971455,1.3105857066093498,
2021,20.0,2.1,10400.0,1500.0,8900.0,AUT,62968.9422311892,8955797,Austria,HIC,70.6775,1161.2590146918246,1161.2590146918246,11.05039690336154,16.007811590074983,4.2581272761411615,7.057260053018756,7.057260053018756,0.20930232558139528,1.3105857066093498
2022,22.0,3.0,13000.0,,13000.0,AUT,72065.4974270106,9041851,Austria,HIC,100.77749999999999,1437.7587067072882,1437.7587067072882,11.185330670970458,16.017374468045748,4.612915116435538,7.2708407263621995,7.2708407263621995,0.25,0.20930232558139528
2023,27.0,4.1,18600.0,3600.0,15000.0,AUT,73544.6567230487,9131761,Austria,HIC,82.46833333333333,2036.8470002664328,2036.8470002664328,11.20564807516554,16.02726911458544,4.412414381271988,7.619158303080127,7.619158303080127,0.4307692307692308,0.25
2024,24.0,5.3,27300.0,6300.0,21000.0,AUT,73911.439663136,9177982,Austria,HIC,80.52666666666666,2974.510082935443,2974.510082935443,11.210622894186656,16.0323179127234,4.388588392509022,7.997834626413925,7.997834626413925,0.467741935483871,0.4307692307692308
2015,0.76,0.13,1400.0,100.0,1300.0,BEL,46071.914889496,11274196,Belgium,HIC,52.35333333333333,124.17736927759638,124.17736927759638,10.737958821847938,16.238027132606476,3.9580156092786187,4.82171094096115,4.82171094096115,1.2764227642276422,0.6312997347480107
2016,1.7,0.28,1640.0,140.0,1500.0,BEL,48414.5518065681,11331422,Belgium,HIC,43.54833333333334,144.73029069078885,144.73029069078885,10.787555704676913,16.24309013263099,3.7738714323786655,4.97487194615153,4.97487194615153,0.17142857142857149,1.2764227642276422
2017,2.6,0.53,1800.0,300.0,1500.0,BEL,50256.0631772784,11375158,Belgium,HIC,54.2475,158.23956027687703,158.23956027687703,10.824886478886807,16.24694241281471,3.9935569084094085,5.064110089033819,5.064110089033819,0.09756097560975618,0.17142857142857149
2018,2.4,0.75,3020.0,320.0,2700.0,BEL,52466.7330784599,11427054,Belgium,HIC,71.06083333333333,264.2850904528849,264.2850904528849,10.867934592086744,16.251494259767462,4.263536317703028,5.577028408565727,5.577028408565727,0.6777777777777778,0.09756097560975618
2019,3.2,1.0,6590.0,490.0,6100.0,BEL,56712.469571978,11488980,Belgium,HIC,64.35833333333333,573.5931301125079,573.5931301125079,10.94574938744094,16.256898873038445,4.164466425787218,6.351920312422384,6.351920312422384,1.1821192052980134,0.6777777777777778
2020,11.0,1.8,8740.0,740.0,8000.0,BEL,56120.0958420466,11538604,Belgium,HIC,41.759166666666665,757.4573145936891,757.4573145936891,10.935249242020474,16.26120884118944,3.731918988075146,6.629967185424415,6.629967185424415,0.32625189681335365,1.1821192052980134
2021,18.0,2.9,12720.0,720.0,12000.0,BEL,60669.2137746531,11586195,Belgium,HIC,70.6775,1097.8582701223309,1097.8582701223309,11.013191661805944,16.265324861154763,4.2581272761411615,7.001116533703624,7.001116533703624,0.45537757437070936,0.32625189681335365
2022,26.0,4.5,24200.0,1200.0,23000.0,BEL,69128.1388883843,11680210,Belgium,HIC,100.77749999999999,2071.880556942041,2071.880556942041,11.143717146667237,16.27340651465478,4.612915116435538,7.636211955454271,7.636211955454271,0.9025157232704402,0.45537757437070936
2023,41.0,7.8,44000.0,2000.0,42000.0,BEL,71946.1447190292,11779946,Belgium,HIC,82.46833333333333,3735.1614345261005,3735.1614345261005,11.183673128100603,16.28190915213646,4.412414381271988,8.225546318728211,8.225546318728211,0.8181818181818181,0.9025157232704402
2024,43.0,11.0,74600.0,2600.0,72000.0,BEL,73514.4831045258,11858610,Belgium,HIC,80.52666666666666,6290.7878748015155,6290.7878748015155,11.205237714830483,16.288564743990783,4.388588392509022,8.746841600165345,8.746841600165345,0.6954545454545455,0.8181818181818181
2016,0.011,0.001,,,,BRA,14309.2061488342,203218114,Brazil,UMC,43.54833333333334,,0.1499219379757805,9.568658395738046,19.129790413396325,3.7738714323786655,,-1.8976405338427804,,
2017,0.023,0.0022,,,,BRA,14559.0488897884,204703445,Brazil,UMC,54.2475,,0.1499219379757805,9.58596799611346,19.1370728799965,3.9935569084094085,,-1.8976405338427804,,
2018,0.02,0.0034,30.9,4.9,26.0,BRA,15463.7426393743,206107261,Brazil,UMC,71.06083333333333,0.1499219379757805,0.1499219379757805,9.646253378184642,19.143907275710756,4.263536317703028,-1.8976405338427804,-1.8976405338427804,,
2019,0.084,0.0094,225.0,5.0,220.0,BRA,16069.838015161,207455459,Brazil,UMC,64.35833333333333,1.084570158262261,1.084570158262261,9.68469937872811,19.15042721917157,4.164466425787218,0.08118374099712643,0.08118374099712643,6.281553398058253,
2020,0.16,0.017,405.0,5.0,400.0,BRA,16101.6183062954,208660842,Brazil,UMC,41.759166666666665,1.9409487478249512,1.9409487478249512,9.686675061840138,19.156220726268646,3.731918988075146,0.6631768988021651,0.6631768988021651,0.8,6.281553398058253
2021,0.92,0.063,930.0,130.0,800.0,BRA,18075.7060048757,209550294,Brazil,UMC,70.6775,4.438075376787588,4.438075376787588,9.802324106008314,19.160474335340812,4.2581272761411615,1.490220808770763,1.490220808770763,1.2962962962962963,0.8
2022,1.2,0.12,3150.0,150.0,3000.0,BRA,19876.8533531396,210306415,Brazil,UMC,100.77749999999999,14.978145103181946,14.978145103181946,9.89731118564741,19.164076144249535,4.612915116435538,2.7065921455344184,2.7065921455344184,2.3870967741935485,1.2962962962962963
2023,3.0,0.3,4750.0,450.0,4300.0,BRA,21175.6186988214,211140729,Brazil,UMC,82.46833333333333,22.496843799378944,22.496843799378944,9.960605737455692,19.168035431205283,4.412414381271988,3.1133750237876767,3.1133750237876767,0.5079365079365079,2.3870967741935485
2024,6.4,0.7,12600.0,600.0,12000.0,BRA,22338.4765640635,211998573,Brazil,UMC,80.52666666666666,59.43436232469357,59.43436232469357,10.014065877104711,19.172090101481558,4.388588392509022,4.084872549422286,4.084872549422286,1.6526315789473682,0.5079365079365079
2015,0.45,0.084,3463.0,63.0,3400.0,CAN,44668.0912814303,35704498,Canada,HIC,52.35333333333333,96.99058085062559,96.99058085062559,10.707014684116704,17.390787233211,3.9580156092786187,4.574613869155697,4.574613869155697,0.470488322717622,0.9511184755592377
2016,0.76,0.13,4040.0,140.0,3900.0,CAN,46470.6466391109,36110803,Canada,HIC,43.54833333333334,111.87787765339918,111.87787765339918,10.746576137177193,17.4021026306137,3.7738714323786655,4.71740789830577,4.71740789830577,0.16661853883915678,0.470488322717622
2017,1.0,0.21,5680.0,480.0,5200.0,CAN,48317.3874457163,36545075,Canada,HIC,54.2475,155.42449974449363,155.42449974449363,10.785546763384488,17.414056988158855,3.9935569084094085,5.0461600815206165,5.0461600815206165,0.40594059405940586,0.16661853883915678
2018,2.8,0.39,7940.0,840.0,7100.0,CAN,49982.5999118346,37072620,Canada,HIC,71.06083333333333,214.1742342461903,214.1742342461903,10.81943022208031,17.42838924972679,4.263536317703028,5.366789862478665,5.366789862478665,0.397887323943662,0.40594059405940586
2019,3.4,0.6,8840.0,840.0,8000.0,CAN,50498.9731057448,37618495,Canada,HIC,64.35833333333333,234.9907937571665,234.9907937571665,10.829708280516995,17.443006375720604,4.164466425787218,5.45954633787536,5.45954633787536,0.11335012594458438,0.397887323943662
2020,4.2,0.83,13300.0,2300.0,11000.0,CAN,48590.6832121939,38028638,Canada,HIC,41.759166666666665,349.73642758386455,349.73642758386455,10.79118708805833,17.453850065431926,3.731918988075146,5.857179806742193,5.857179806742193,0.504524886877828,0.11335012594458438
2021,6.4,1.2,15000.0,3000.0,12000.0,CAN,56995.1176781351,38239864,Canada,HIC,70.6775,392.2608092957653,392.2608092957653,10.950720888378548,17.459389089655794,4.2581272761411615,5.971926948392826,5.971926948392826,0.1278195488721805,0.504524886877828
2022,9.5,1.7,21300.0,4300.0,17000.0,CAN,63944.1050100687,38935934,Canada,HIC,100.77749999999999,547.0524991130301,547.0524991130301,11.065764621523773,17.47742813540461,4.612915116435538,6.304544774257177,6.304544774257177,0.41999999999999993,0.1278195488721805
2023,13.0,2.3,27100.0,5100.0,22000.0,CAN,64219.3173928637,40083484,Canada,HIC,82.46833333333333,676.0889347842119,676.0889347842119,11.070059338388381,17.50647493711073,4.412414381271988,6.516324627721337,6.516324627721337,0.272300469483568,0.41999999999999993
2024,17.0,4.2,32600.0,6600.0,26000.0,CAN,64610.3795171971,41288599,Canada,HIC,80.52666666666666,789.5642087540922,789.5642087540922,11.076130350504888,17.53609696655278,4.388588392509022,6.671481158766294,6.671481158766294,0.20295202952029512,0.272300469483568
2015,1.7,0.25,3660.0,260.0,3400.0,CHE,65265.04573356,8282396,Switzerland,HIC,52.35333333333333,441.9011117072886,441.9011117072886,11.086211884559027,15.929642856482122,3.9580156092786187,6.091086127877563,6.091086127877563,1.6161543959971407,1.2312599681020733
2016,1.9,0.36,3850.0,350.0,3500.0,CHE,67350.7518747757,8373338,Switzerland,HIC,43.54833333333334,459.7927373766591,459.7927373766591,11.11766934546997,15.940563168220848,3.7738714323786655,6.130775817025256,6.130775817025256,0.051912568306010876,1.6161543959971407
2017,2.6,0.54,4080.0,580.0,3500.0,CHE,68193.5055940262,8451840,Switzerland,HIC,54.2475,482.73512039981824,482.73512039981824,11.130104613403237,15.949894727108234,3.9935569084094085,6.179468098254247,6.179468098254247,0.05974025974025965,0.051912568306010876
2018,3.1,0.77,5140.0,740.0,4400.0,CHE,70688.8187491194,8514329,Switzerland,HIC,71.06083333333333,603.6882060817711,603.6882060817711,11.166042688728584,15.95726106685996,4.263536317703028,6.403057849553526,6.403057849553526,0.2598039215686274,0.05974025974025965
2019,5.5,1.1,6320.0,920.0,5400.0,CHE,73732.2353322093,8575280,Switzerland,HIC,64.35833333333333,737.0021736899554,737.0021736899554,11.20819536833518,15.964394203544403,4.164466425787218,6.602590841560775,6.602590841560775,0.22957198443579774,0.2598039215686274
2020,14.0,1.8,7700.0,1000.0,6700.0,CHE,72997.8239503282,8638167,Switzerland,HIC,41.759166666666665,891.3928151655323,891.3928151655323,11.19818491078662,15.971700965494877,3.731918988075146,6.792785200311172,6.792785200311172,0.2183544303797469,0.22957198443579774
2021,21.0,2.9,10100.0,1900.0,8200.0,CHE,81001.4111206118,8704546,Switzerland,HIC,70.6775,1160.313243217969,1160.313243217969,11.302221854744948,15.979355975889842,4.2581272761411615,7.056445284903782,7.056445284903782,0.3116883116883118,0.2183544303797469
2022,25.0,4.2,12200.0,2200.0,10000.0,CHE,94421.4576550424,8777088,Switzerland,HIC,100.77749999999999,1389.9826457248691,1389.9826457248691,11.455523631971396,15.987655247728846,4.612915116435538,7.237046540956776,7.237046540956776,0.20792079207920788,0.3116883116883118
2023,30.0,5.8,15800.0,2800.0,13000.0,CHE,95141.5960943632,8888822,Switzerland,HIC,82.46833333333333,1777.5133757881529,1777.5133757881529,11.463121546115925,16.000305090273624,4.412414381271988,7.482970686705709,7.482970686705709,0.29508196721311486,0.20792079207920788
2024,28.0,7.3,19200.0,4200.0,15000.0,CHE,96497.6947971323,9005582,Switzerland,HIC,80.52666666666666,2132.0110127252187,2132.0110127252187,11.477274398929133,16.013355165264404,4.388588392509022,7.664820950715742,7.664820950715742,0.21518987341772156,0.29508196721311486
2015,0.019,0.0023,27.0,5.0,22.0,CHL,22468.3125745547,18047625,Chile,HIC,52.35333333333333,1.4960417229413843,1.4960417229413843,10.019861265543923,16.708524655138525,3.9580156092786187,0.40282276883007667,0.40282276883007667,0.5,0.3846153846153846
2016,0.015,0.0032,27.0,5.0,22.0,CHL,23256.5036042211,18267221,Chile,HIC,43.54833333333334,1.4780573355958195,1.4780573355958195,10.054340096812519,16.72061880950501,3.7738714323786655,0.39072861446359275,0.39072861446359275,0.0,0.5
2017,0.064,0.0069,41.0,6.0,35.0,CHL,24295.223766602,18558868,Chile,HIC,54.2475,2.2091864654676137,2.2091864654676137,10.09803505719487,16.73645829208297,3.9935569084094085,0.7926243325856135,0.7926243325856135,0.5185185185185186,0.0
2018,0.08,0.011,69.0,8.0,61.0,CHL,25305.0903462611,18893191,Chile,HIC,71.06083333333333,3.652109376335633,3.652109376335633,10.138760853934675,16.754312150568744,4.263536317703028,1.2953049119927909,1.2953049119927909,0.6829268292682926,0.5185185185185186
2019,0.14,0.017,172.0,42.0,130.0,CHL,25611.7578269458,19197744,Chile,HIC,64.35833333333333,8.959386061195524,8.959386061195524,10.150806815141303,16.770303330094343,4.164466425787218,2.1927017046833828,2.1927017046833828,1.4927536231884058,0.6829268292682926
2020,0.2,0.022,339.0,99.0,240.0,CHL,25350.8635082972,19370624,Chile,HIC,41.759166666666665,17.50072687384774,17.50072687384774,10.14056807188286,16.779268249629396,3.731918988075146,2.8622424157153294,2.8622424157153294,0.9709302325581395,1.4927536231884058
2021,0.29,0.034,500.0,140.0,360.0,CHL,29089.850459728,19456334,Chile,HIC,70.6775,25.698571992030978,25.698571992030978,10.27814461086854,16.78368323054147,4.2581272761411615,3.246435425844996,3.246435425844996,0.47492625368731556,0.9709302325581395
2022,0.6,0.068,660.0,220.0,440.0,CHL,30932.0010873677,19553036,Chile,HIC,100.77749999999999,33.754348941003336,33.754348941003336,10.339546560882413,16.78864112645641,4.612915116435538,3.519109266528333,3.519109266528333,0.32000000000000006,0.47492625368731556
2023,0.75,0.13,1070.0,330.0,740.0,CHL,33145.403552025,19658835,Chile,HIC,82.46833333333333,54.428454178490234,54.428454178490234,10.40865932995286,16.794037413552125,4.412414381271988,3.9968870718681004,3.9968870718681004,0.6212121212121211,0.32000000000000006
2024,2.1,0.26,1810.0,610.0,1200.0,CHL,36181.156616977,19764771,Chile,HIC,80.52666666666666,91.57707923861096,91.57707923861096,10.496293726845632,16.799411668508693,4.388588392509022,4.5171810137154536,4.5171810137154536,0.691588785046729,0.6212121212121211
2015,1.0,0.21,47000.0,,47000.0,CHN,13463.3331511105,1379860000,China,UMC,52.35333333333333,34.061426521531175,34.061426521531175,9.5077252063546,21.045247881693836,3.9580156092786187,3.5281655569626333,3.5281655569626333,1.2380952380952381,
2016,1.5,0.39,86000.0,,86000.0,CHN,14157.2514988004,1387790000,China,UMC,43.54833333333334,61.969029896454074,61.969029896454074,9.557982245215186,21.050978390754533,3.7738714323786655,4.126634742445386,4.126634742445386,0.8297872340425532,1.2380952380952381
2017,2.4,0.65,130000.0,,130000.0,CHN,15022.4371883124,1396215000,China,UMC,54.2475,93.10886933602633,93.10886933602633,9.617300175025264,21.05703084088936,3.9935569084094085,4.533769446512631,4.533769446512631,0.5116279069767442,0.8297872340425532
2018,4.7,1.1,270000.0,110000.0,160000.0,CHN,16298.2050619109,1402760000,China,UMC,71.06083333333333,192.4776868459323,192.4776868459323,9.69881026183015,21.061707561423983,4.263536317703028,5.259980234520804,5.259980234520804,1.076923076923077,0.5116279069767442
2019,5.0,1.5,510000.0,210000.0,300000.0,CHN,17600.8907568493,1407745000,China,UMC,64.35833333333333,362.2815211561753,362.2815211561753,9.77570479093016,21.06525497032569,4.164466425787218,5.892421592339092,5.892421592339092,0.8888888888888888,1.076923076923077
2020,5.7,1.9,810000.0,310000.0,500000.0,CHN,18267.4783455827,1411100000,China,UMC,41.759166666666665,574.020267876125,574.020267876125,9.812877618257948,21.06763537902799,3.731918988075146,6.352664705584907,6.352664705584907,0.588235294117647,0.8888888888888888
2021,15.0,3.0,1150000.0,470000.0,680000.0,CHN,20843.2978347377,1412360000,China,UMC,70.6775,814.2399954685775,814.2399954685775,9.944787728776689,21.068527901028403,4.2581272761411615,6.702255157275305,6.702255157275305,0.4197530864197532,0.588235294117647
2022,29.0,5.0,1760000.0,760000.0,1000000.0,CHN,23032.1766271143,1412175000,China,UMC,100.77749999999999,1246.3044594331438,1246.3044594331438,10.044647501032765,21.068396906014875,4.612915116435538,7.127938018963732,7.127938018963732,0.5304347826086957,0.4197530864197532
2023,38.0,7.5,2700000.0,1200000.0,1500000.0,CHN,25179.1193066383,1410710000,China,UMC,82.46833333333333,1913.9298651033876,1913.9298651033876,10.133770331078736,21.067358960698986,4.412414381271988,7.5569139282398465,7.5569139282398465,0.5340909090909092,0.5304347826086957
2024,48.0,11.0,3500000.0,1600000.0,1900000.0,CHN,27104.8702677463,1408975000,China,UMC,80.52666666666666,2484.07530296847,2484.07530296847,10.20746870539803,21.066128326625346,4.388588392509022,7.817655757798571,7.817655757798571,0.2962962962962963,0.5340909090909092
2019,0.78,0.062,,,,COL,16181.5908990662,49907985,Colombia,UMC,64.35833333333333,,8.732485920136279,9.691629510813888,17.725691567959988,4.164466425787218,,2.1670500853455636,,
2020,0.94,0.096,,,,COL,15519.2101694656,50629997,Colombia,UMC,41.759166666666665,,8.732485920136279,9.649833901299532,17.740054784692685,3.731918988075146,,2.1670500853455636,,
2021,1.7,0.17,447.0,57.0,390.0,COL,17383.0901728295,51188173,Colombia,UMC,70.6775,8.732485920136279,8.732485920136279,9.763253183522773,17.751019067232278,4.2581272761411615,2.1670500853455636,2.1670500853455636,,
2022,2.9,0.29,694.0,84.0,610.0,COL,20854.002999162,51737944,Colombia,UMC,100.77749999999999,13.413752970160546,13.413752970160546,9.945301199166638,17.76170199678534,4.612915116435538,2.5962805216857374,2.5962805216857374,0.552572706935123,
2023,3.9,0.44,1040.0,160.0,880.0,COL,21246.3762695201,52321152,Colombia,UMC,82.46833333333333,19.877238177018732,19.877238177018732,9.963941631317754,17.77291128321944,4.412414381271988,2.9895752668802515,2.9895752668802515,0.49855907780979836,0.552572706935123
2024,7.4,0.79,1100.0,120.0,980.0,COL,22349.436440123,52886363,Colombia,UMC,80.52666666666666,20.799312669695208,20.799312669695208,10.014556384516782,17.783656075315644,4.388588392509022,3.0349199414350916,3.0349199414350916,0.05769230769230771,0.49855907780979836
2019,1.2,0.079,,,,CRI,23339.6091317787,4999553,Costa Rica,HIC,64.35833333333333,,118.57735630993592,10.057907158989895,15.424859066401956,4.164466425787218,,4.775565543461086,,
2020,2.5,0.14,,,,CRI,22099.8678127394,5034320,Costa Rica,HIC,41.759166666666665,,118.57735630993592,10.003326906163947,15.431789020396428,3.731918988075146,,4.775565543461086,,
2021,3.6,0.24,600.0,,600.0,CRI,23852.9253020002,5059988,Costa Rica,HIC,70.6775,118.57735630993592,118.57735630993592,10.079662142966995,15.436874669719334,4.2581272761411615,4.775565543461086,4.775565543461086,,
2022,7.6,0.48,750.0,,750.0,CRI,26226.2754815949,5081765,Costa Rica,HIC,100.77749999999999,147.58651767643724,147.58651767643724,10.174517068176936,15.441169200155919,4.612915116435538,4.994414564338712,4.994414564338712,0.25,
2023,13.0,0.97,1010.0,170.0,840.0,CRI,28908.7688743191,5105525,Costa Rica,HIC,82.46833333333333,197.82490537212138,197.82490537212138,10.271900249334319,15.445833844645792,4.412414381271988,5.287382323153787,5.287382323153787,0.3466666666666667,0.25
2024,15.0,1.9,1370.0,170.0,1200.0,CRI,31106.7643556729,5129910,Costa Rica,HIC,80.52666666666666,267.0612154989074,267.0612154989074,10.345180577914734,15.450598673133408,4.388588392509022,5.587477903653037,5.587477903653037,0.35643564356435653,0.3466666666666667
2015,0.73,0.097,5070.0,470.0,4600.0,DEU,48545.400721962,81686611,Germany,HIC,52.35333333333333,62.066475006534425,62.066475006534425,10.790254736419717,18.21840066635147,3.9580156092786187,4.128205988198034,4.128205988198034,0.8639705882352942,0.11156518185533315
2016,0.74,0.14,7500.0,1700.0,5800.0,DEU,51569.9016841199,82348669,Germany,HIC,43.54833333333334,91.0761532769886,91.0761532769886,10.85069348058827,18.22647285173721,3.7738714323786655,4.5116960057514675,4.5116960057514675,0.47928994082840237,0.8639705882352942
2017,1.6,0.22,11600.0,2200.0,9400.0,DEU,54110.2536648812,82657002,Germany,HIC,54.2475,140.33898785731424,140.33898785731424,10.898778978574068,18.230210097336165,3.9935569084094085,4.944060837722564,4.944060837722564,0.5466666666666666,0.47928994082840237
2018,2.0,0.35,19900.0,2900.0,17000.0,DEU,56273.0405627017,82905782,Germany,HIC,71.06083333333333,240.03150950316106,240.03150950316106,10.937970846202976,18.233215364356088,4.263536317703028,5.480770204320771,5.480770204320771,0.7155172413793103,0.5466666666666666
2019,3.0,0.5,29200.0,3200.0,26000.0,DEU,59270.7276496985,83092962,Germany,HIC,64.35833333333333,351.41363717422905,351.41363717422905,10.989870831570004,18.235470563098215,4.164466425787218,5.861963983122432,5.861963983122432,0.46733668341708534,0.7155172413793103
2020,14.0,1.3,43300.0,6300.0,37000.0,DEU,58685.872699771,83160871,Germany,HIC,41.759166666666665,520.6775672178807,520.6775672178807,10.97995430734077,18.23628749468471,3.731918988075146,6.255130977270145,6.255130977270145,0.48287671232876717,0.46733668341708534
2021,26.0,2.6,59500.0,9500.0,50000.0,DEU,62530.7653199239,83196078,Germany,HIC,70.6775,715.1779438449009,715.1779438449009,11.04341395973039,18.236710765257264,4.2581272761411615,6.572531384240732,6.572531384240732,0.37413394919168597,0.48287671232876717
2022,31.0,3.8,86000.0,15000.0,71000.0,DEU,69048.9884036885,83177813,Germany,HIC,100.77749999999999,1033.929564846818,1033.929564846818,11.142571508530102,18.236491199555413,4.612915116435538,6.941121933644506,6.941121933644506,0.4453781512605042,0.37413394919168597
2023,24.0,5.2,110000.0,23000.0,87000.0,DEU,71684.0311875583,83287273,Germany,HIC,82.46833333333333,1320.7299991680602,1320.7299991680602,11.18002328473319,18.23780631035019,4.412414381271988,7.185939892388636,7.185939892388636,0.2790697674418605,0.4453781512605042
2024,19.0,6.5,157000.0,37000.0,120000.0,DEU,73551.9347696836,83516593,Germany,HIC,80.52666666666666,1879.8659566967729,1879.8659566967729,11.205747031185757,18.24055588864204,4.388588392509022,7.5389557536526794,7.5389557536526794,0.42727272727272725,0.2790697674418605
2015,2.3,0.35,2400.0,300.0,2100.0,DNK,48897.2099776611,5683483,Denmark,HIC,52.35333333333333,422.27626967477516,422.27626967477516,10.797475618163675,15.553074806989798,3.9580156092786187,6.045659767310513,6.045659767310513,0.4035087719298245,0.6347992351816443
2016,0.84,0.4,4540.0,340.0,4200.0,DNK,51820.9521305491,5728010,Denmark,HIC,43.54833333333334,792.5963816403952,792.5963816403952,10.855549827751803,15.560878733431151,3.7738714323786655,6.675314115568518,6.675314115568518,0.8916666666666666,0.4035087719298245
2017,0.6,0.42,4590.0,390.0,4200.0,DNK,55271.5976002659,5764980,Denmark,HIC,54.2475,796.1866303092118,796.1866303092118,10.920014449787988,15.567312242468525,3.9935569084094085,6.679833618550341,6.679833618550341,0.011013215859030812,0.8916666666666666
2018,2.1,0.59,4700.0,400.0,4300.0,DNK,57233.6231685618,5793636,Denmark,HIC,71.06083333333333,811.2349481396484,811.2349481396484,10.954896822302977,15.572270631727315,4.263536317703028,6.6985577139351085,6.6985577139351085,0.023965141612200425,0.011013215859030812
2019,4.2,0.96,4960.0,460.0,4500.0,DNK,60594.966400191,5814422,Denmark,HIC,64.35833333333333,853.051257717448,853.051257717448,11.01196710590439,15.575851940886242,4.164466425787218,6.7488196367970055,6.7488196367970055,0.05531914893617018,0.023965141612200425
2020,16.0,2.3,870.0,870.0,,DNK,62682.2899474389,5831404,Denmark,HIC,41.759166666666665,149.1922013978109,149.1922013978109,11.04583422974388,15.578768352661008,3.731918988075146,5.005235416951895,5.005235416951895,-0.8245967741935484,0.05531914893617018
2021,35.0,5.2,890.0,890.0,,DNK,69715.1809680929,5856733,Denmark,HIC,70.6775,151.96185313552795,151.96185313552795,11.152173377452947,15.583102497555105,4.2581272761411615,5.023629523135354,5.023629523135354,0.02298850574712641,-0.8245967741935484
2022,38.0,7.8,11400.0,1400.0,10000.0,DNK,78913.6534913127,5903037,Denmark,HIC,100.77749999999999,1931.2093080222942,1931.2093080222942,11.276109539915003,15.590977522202506,4.612915116435538,7.565901670144356,7.565901670144356,11.808988764044944,0.02298850574712641
2023,46.0,11.0,17000.0,3000.0,14000.0,DNK,77892.2932609904,5946952,Denmark,HIC,82.46833333333333,2858.6072327471284,2858.6072327471284,11.263082295783702,15.598389377359705,4.412414381271988,7.958089803642921,7.958089803642921,0.49122807017543857,11.808988764044944
2024,56.0,17.0,33400.0,6400.0,27000.0,DNK,81878.2349849181,5976992,Denmark,HIC,80.52666666666666,5588.095148864178,5588.095148864178,11.31298848342318,15.603427989341384,4.388588392509022,8.628393747587683,8.628393747587683,0.9647058823529411,0.49122807017543857
2015,0.2,0.026,1640.0,240.0,1400.0,ESP,35228.6333036223,46422303,Spain,HIC,52.35333333333333,35.32784661717451,35.32784661717451,10.46961447704383,17.653290569816026,3.9580156092786187,3.5646715089664944,3.5646715089664944,0.8021978021978022,0.021324354657688005
2016,0.29,0.04,3660.0,360.0,3300.0,ESP,37612.7188681342,46458139,Spain,HIC,43.54833333333334,78.7805985943604,78.7805985943604,10.53509753994787,17.65406222854216,3.7738714323786655,4.366666755817528,4.366666755817528,1.231707317073171,0.8021978021978022
2017,0.56,0.071,4740.0,440.0,4300.0,ESP,39825.2498116292,46571232,Spain,HIC,54.2475,101.77957070150087,101.77957070150087,10.592256407492517,17.656493569407864,3.9935569084094085,4.622809403245531,4.622809403245531,0.29508196721311486,1.231707317073171
2018,0.81,0.12,4840.0,440.0,4400.0,ESP,41015.1565755187,46782011,Spain,HIC,71.06083333333333,103.4585708596409,103.4585708596409,10.621696949948001,17.661009306652936,4.263536317703028,4.639171251022017,4.639171251022017,0.021097046413502074,0.29508196721311486
2019,1.3,0.19,4500.0,,4500.0,ESP,44042.757577336,47118501,Spain,HIC,64.35833333333333,95.503887103709,95.503887103709,10.692916204165552,17.668176284407693,4.164466425787218,4.559166949314993,4.559166949314993,-0.07024793388429751,0.021097046413502074
2020,4.5,0.36,8700.0,2700.0,6000.0,ESP,39327.8479269599,47359424,Spain,HIC,41.759166666666665,183.70155853246865,183.70155853246865,10.579688145570243,17.673276386303904,3.731918988075146,5.213312476303047,5.213312476303047,0.9333333333333333,-0.07024793388429751
2021,7.3,0.62,8300.0,2700.0,5600.0,ESP,44251.6658222621,47443821,Spain,HIC,70.6775,174.94375084165333,174.94375084165333,10.697648295428332,17.675056853255118,4.2581272761411615,5.164464498493844,5.164464498493844,-0.04597701149425293,0.9333333333333333
2022,8.9,0.94,12200.0,2200.0,10000.0,ESP,51398.9310403407,47786102,Spain,HIC,100.77749999999999,255.30435606570296,255.30435606570296,10.847372654346467,17.68224540204672,4.612915116435538,5.542456386638902,5.542456386638902,0.4698795180722892,-0.04597701149425293
2023,12.0,1.4,25600.0,6600.0,19000.0,ESP,55682.2402603093,48352528,Spain,HIC,82.46833333333333,529.4449134076299,529.4449134076299,10.927416528759066,17.694029063915565,4.412414381271988,6.271829124516365,6.271829124516365,1.098360655737705,0.4698795180722892
2024,11.0,1.8,41000.0,13000.0,28000.0,ESP,57965.2948138837,48848840,Spain,HIC,80.52666666666666,839.3239225332679,839.3239225332679,10.967599745158742,17.7042411900094,4.388588392509022,6.732596713641318,6.732596713641318,0.6015625,1.098360655737705
2015,0.6,0.054,840.0,130.0,710.0,FIN,42257.8593791297,5479531,Finland,HIC,52.35333333333333,153.29779136207097,153.29779136207097,10.651545636293399,15.516530071320078,3.9580156092786187,5.032382378481556,5.032382378481556,1.1761658031088085,0.44569288389513106
2016,1.2,0.11,850.0,140.0,710.0,FIN,44562.4011072067,5495303,Finland,HIC,43.54833333333334,154.6775491724478,154.6775491724478,10.704645757961071,15.519404285336954,3.7738714323786655,5.0413426221116815,5.0413426221116815,0.011904761904761862,1.1761658031088085
2017,2.5,0.24,850.0,140.0,710.0,FIN,47234.8528600939,5508214,Finland,HIC,54.2475,154.31499211904259,154.31499211904259,10.762887307137389,15.52175099065401,3.9935569084094085,5.038995916794628,5.038995916794628,0.0,0.011904761904761862
2018,4.6,0.51,2220.0,220.0,2000.0,FIN,49248.6775395866,5515525,Finland,HIC,71.06083333333333,402.5002153013539,402.5002153013539,10.804637794251624,15.523077401061927,4.263536317703028,5.997695631768671,5.997695631768671,1.611764705882353,0.0
2019,6.7,0.95,3490.0,390.0,3100.0,FIN,52276.1115723992,5521606,Finland,HIC,64.35833333333333,632.062483270266,632.062483270266,10.86429478800953,15.524179317966839,4.164466425787218,6.448988255193908,6.448988255193908,0.572072072072072,1.611764705882353
2020,18.0,1.8,4330.0,430.0,3900.0,FIN,53296.5792798852,5529543,Finland,HIC,41.759166666666665,783.0665210488461,783.0665210488461,10.883627429480615,15.525615729938966,3.731918988075146,6.663217649021842,6.663217649021842,0.24068767908309452,0.572072072072072
2021,30.0,3.2,6590.0,790.0,5800.0,FIN,56790.3766177692,5541017,Finland,HIC,70.6775,1189.3123590849839,1189.3123590849839,10.94712216461158,15.52768861588304,4.2581272761411615,7.081130569577787,7.081130569577787,0.5219399538106235,0.24068767908309452
2022,37.0,4.7,9400.0,1700.0,7700.0,FIN,62133.1375219912,5556106,Finland,HIC,100.77749999999999,1691.8323732484587,1691.8323732484587,11.037034741090453,15.530408061148101,4.612915116435538,7.433567465074268,7.433567465074268,0.4264036418816388,0.5219399538106235
2023,54.0,7.0,12200.0,2900.0,9300.0,FIN,63414.9936878177,5583911,Finland,HIC,82.46833333333333,2184.848576562198,2184.848576562198,11.05745560596384,15.535399984901913,4.412414381271988,7.689301803783709,7.689301803783709,0.2978723404255319,0.4264036418816388
2024,50.0,8.3,16400.0,4400.0,12000.0,FIN,65378.3841859721,5619911,Finland,HIC,80.52666666666666,2918.1956796112963,2918.1956796112963,11.08794696577843,15.541826385445546,4.388588392509022,7.978720786331018,7.978720786331018,0.34426229508196715,0.2978723404255319
2015,1.2,0.15,10480.0,580.0,9900.0,FRA,40905.1767750994,66548272,France,HIC,52.35333333333333,157.4796712978513,157.4796712978513,10.619011905539717,18.013438137028768,3.9580156092786187,5.05929637881054,5.05929637881054,4.790055248618785,0.005555555555555536
2016,1.4,0.22,20000.0,1000.0,19000.0,FRA,42880.2351355431,66724104,France,HIC,43.54833333333334,299.74175449399814,299.74175449399814,10.666166279301082,18.01607682491442,3.7738714323786655,5.7029212855859805,5.7029212855859805,0.9083969465648856,4.790055248618785
2017,1.7,0.38,21000.0,1000.0,20000.0,FRA,44469.1458856805,66918020,France,HIC,54.2475,313.81681645691253,313.81681645691253,10.70255087679186,18.018978846077932,3.9935569084094085,5.748809428591902,5.748809428591902,0.050000000000000044,0.9083969465648856
2018,2.0,0.5,25300.0,2300.0,23000.0,FRA,46381.0590629457,67158348,France,HIC,71.06083333333333,376.7215953555022,376.7215953555022,10.744646445023717,18.022563791896093,4.263536317703028,5.931506440783791,5.931506440783791,0.2047619047619047,0.050000000000000044
2019,2.7,0.66,30700.0,2700.0,28000.0,FRA,51130.4723140578,67382061,France,HIC,64.35833333333333,455.6108783909118,455.6108783909118,10.842135925544733,18.025889383186374,4.164466425787218,6.12163910835319,6.12163910835319,0.2134387351778657,0.2047619047619047
2020,11.0,1.1,34300.0,3300.0,31000.0,FRA,49481.8044309655,67601110,France,HIC,41.759166666666665,507.388118331193,507.388118331193,10.809360293726805,18.02913496099673,3.731918988075146,6.229276230121578,6.229276230121578,0.11726384364820852,0.2134387351778657
2021,17.0,1.9,54900.0,4900.0,50000.0,FRA,52517.3354905855,67842811,France,HIC,70.6775,809.2235447024741,809.2235447024741,10.868898593896429,18.03270398432062,4.2581272761411615,6.696075201141278,6.696075201141278,0.6005830903790088,0.11726384364820852
2022,20.0,2.7,91000.0,17000.0,74000.0,FRA,57042.9449013772,68184457,France,HIC,100.77749999999999,1334.6150135066707,1334.6150135066707,10.951559682461234,18.037727193613996,4.612915116435538,7.196398149849264,7.196398149849264,0.6575591985428051,0.6005830903790088
2023,25.0,4.0,119000.0,20000.0,99000.0,FRA,60838.9416716424,68372286,France,HIC,82.46833333333333,1740.4712780848076,1740.4712780848076,11.01598535094978,18.040478125048434,4.412414381271988,7.461911205009505,7.461911205009505,0.3076923076923077,0.6575591985428051
2024,24.0,4.4,152000.0,32000.0,120000.0,FRA,62556.91810454,68551653,France,HIC,80.52666666666666,2217.3061238946348,2217.3061238946348,11.043832110970882,18.043098077467423,4.388588392509022,7.704048280325265,7.704048280325265,0.2773109243697478,0.3076923076923077
2015,1.1,0.16,8740.0,540.0,8200.0,GBR,42515.278865824,65088000,United Kingdom,HIC,52.35333333333333,134.27974434611605,134.27974434611605,10.657618793032158,17.99125075839037,3.9580156092786187,4.899925268223487,4.899925268223487,0.17315436241610738,0.3594890510948905
2016,1.4,0.27,11780.0,780.0,11000.0,GBR,44085.2025586772,65607000,United Kingdom,HIC,43.54833333333334,179.55401100492327,179.55401100492327,10.69387946224069,17.999192955538568,3.7738714323786655,5.1904760596312824,5.1904760596312824,0.34782608695652173,0.17315436241610738
2017,1.9,0.4,13920.0,920.0,13000.0,GBR,46113.0211677324,65966000,United Kingdom,HIC,54.2475,211.0177970469636,211.0177970469636,10.73885064393339,18.00465001573942,3.9935569084094085,5.351942476113266,5.351942476113266,0.1816638370118846,0.34782608695652173
2018,2.6,0.56,16100.0,1100.0,15000.0,GBR,47212.2045190522,66289000,United Kingdom,HIC,71.06083333333333,242.87589192777082,242.87589192777082,10.762407708469006,18.009534528872233,4.263536317703028,5.492550580064596,5.492550580064596,0.15660919540229878,0.1816638370118846
2019,3.3,0.76,15100.0,1100.0,14000.0,GBR,50064.9605582187,66631000,United Kingdom,HIC,64.35833333333333,226.6212423646651,226.6212423646651,10.821076652330122,18.014680492680636,4.164466425787218,5.423280088086653,5.423280088086653,-0.06211180124223603,0.15660919540229878
2020,11.0,1.3,22700.0,4700.0,18000.0,GBR,48230.0477027461,66744000,United Kingdom,HIC,41.759166666666665,340.1054776459307,340.1054776459307,10.783737502130455,18.016374963564047,3.731918988075146,5.82925579786972,5.82925579786972,0.5033112582781456,-0.06211180124223603
2021,19.0,2.1,34500.0,5500.0,29000.0,GBR,51004.4271714238,66984000,United Kingdom,HIC,70.6775,515.0483697599427,515.0483697599427,10.839667715221749,18.019964342866405,4.2581272761411615,6.24426081811732,6.24426081811732,0.5198237885462555,0.5033112582781456
2022,23.0,2.8,51800.0,7800.0,44000.0,GBR,59021.5721805914,67604000,United Kingdom,HIC,100.77749999999999,766.22685048222,766.22685048222,10.985658286240946,18.029177710860257,4.612915116435538,6.641478275351592,6.641478275351592,0.5014492753623188,0.5198237885462555
2023,24.0,4.7,72000.0,12000.0,60000.0,GBR,59911.3467663209,68492000,United Kingdom,HIC,82.46833333333333,1051.2176604566955,1051.2176604566955,11.000621194650389,18.042227508091,4.412414381271988,6.957704447871468,6.957704447871468,0.38996138996139007,0.5014492753623188
2024,28.0,6.4,88000.0,17000.0,71000.0,GBR,62009.4907765366,69226000,United Kingdom,HIC,80.52666666666666,1271.1986825759109,1271.1986825759109,11.035042729353046,18.05288707256521,4.388588392509022,7.147715578859407,7.147715578859407,0.22222222222222232,0.38996138996139007
2015,0.075,0.0027,16.0,2.0,14.0,GRC,26607.7256796976,10820883,Greece,HIC,52.35333333333333,1.478622400778199,1.478622400778199,10.1889568916869,16.196988436185933,3.9580156092786187,0.3911108440181214,0.3911108440181214,-0.8688524590163934,
2016,0.12,0.005,15.0,,15.0,GRC,27504.5497984948,10775971,Greece,HIC,43.54833333333334,1.391985928692644,1.391985928692644,10.222106717187774,16.192829305903164,3.7738714323786655,0.3307314531633214,0.3307314531633214,-0.0625,-0.8688524590163934
2017,0.22,0.0096,22.0,,22.0,GRC,28681.6815585005,10754679,Greece,HIC,54.2475,2.045621259360693,2.045621259360693,10.264013924741663,16.190851473655563,3.9935569084094085,0.7157015376670253,0.7157015376670253,0.46666666666666656,-0.0625
2018,0.29,0.017,32.0,1.0,31.0,GRC,29792.0592519585,10732882,Greece,HIC,71.06083333333333,2.9814918304328697,2.9814918304328697,10.301997168929491,16.188822671272973,4.263536317703028,1.0924237894910276,1.0924237894910276,0.4545454545454546,0.46666666666666656
2019,0.42,0.029,64.0,1.0,63.0,GRC,31927.3792151369,10721582,Greece,HIC,64.35833333333333,5.969268341183232,5.969268341183232,10.371219203265207,16.187769277345733,4.164466425787218,1.7866243639782144,1.7866243639782144,1.0,0.4545454545454546
2020,2.7,0.083,228.0,8.0,220.0,GRC,29533.087740299,10698599,Greece,HIC,41.759166666666665,21.311201588170565,21.311201588170565,10.293266532099256,16.185623356280015,3.731918988075146,3.0592328306386998,3.0592328306386998,2.5625,1.0
2021,6.9,0.26,1228.0,28.0,1200.0,GRC,33531.15511226,10569207,Greece,HIC,70.6775,116.18657861464914,116.18657861464914,10.42023028897902,16.17345533138016,4.2581272761411615,4.755197335291201,4.755197335291201,4.385964912280702,2.5625
2022,7.9,0.52,3080.0,280.0,2800.0,GRC,39612.4406377916,10436882,Greece,HIC,100.77749999999999,295.10729353843413,295.10729353843413,10.58689850542542,16.160856436807453,4.612915116435538,5.687338997124441,5.687338997124441,1.5081433224755698,4.385964912280702
2023,13.0,0.89,5160.0,260.0,4900.0,GRC,42710.5058010314,10407351,Greece,HIC,82.46833333333333,495.8033989629061,495.8033989629061,10.662200206449336,16.15802294135018,4.412414381271988,6.206179475089705,6.206179475089705,0.6753246753246753,1.5081433224755698
2024,12.0,1.2,6000.0,1000.0,5000.0,GRC,44327.2097808276,10405134,Greece,HIC,80.52666666666666,576.6384171506104,576.6384171506104,10.69935398375112,16.15780989615078,4.388588392509022,6.357215410023685,6.357215410023685,0.16279069767441867,0.6753246753246753
2019,0.012,0.00044,,,,IDN,11986.4701508376,272489381,Indonesia,UMC,64.35833333333333,,0.6648406360916261,9.391533805247816,19.42311020250093,4.164466425787218,,-0.40820791202072665,,
2020,0.096,0.0035,,,,IDN,11729.3674458448,274814866,Indonesia,UMC,41.759166666666665,,0.6648406360916261,9.369851014008013,19.431608214374723,3.731918988075146,,-0.40820791202072665,,
2021,0.12,0.015,184.0,130.0,54.0,IDN,12757.0746440204,276758053,Indonesia,UMC,70.6775,0.6648406360916261,0.6648406360916261,9.453841270741709,19.438654227593986,4.2581272761411615,-0.40820791202072665,-0.40820791202072665,,
2022,1.4,0.1,620.0,440.0,180.0,IDN,14284.929293133,278830529,Indonesia,UMC,100.77749999999999,2.2235728713909944,2.2235728713909944,9.566960364924448,19.446114732290518,4.612915116435538,0.7991153037128925,0.7991153037128925,2.369565217391304,
2023,2.2,0.23,1080.0,770.0,310.0,IDN,15415.7079259527,281190067,Indonesia,UMC,82.46833333333333,3.840818459636414,3.840818459636414,9.64314226375182,19.454541393663803,4.412414381271988,1.3456854844187358,1.3456854844187358,0.7419354838709677,2.369565217391304
2024,7.3,0.59,3240.0,2300.0,940.0,IDN,16448.2755179559,283487931,Indonesia,UMC,80.52666666666666,11.429057979896859,11.429057979896859,9.707975918963085,19.462680108797322,4.388588392509022,2.4361590579533288,2.4361590579533288,2.0,0.7419354838709677
2015,0.017,0.015,,,,IND,5425.03599091046,1328024498,India,LMC,52.35333333333333,,0.16180546658297892,8.598779812655863,21.00695833511966,3.9580156092786187,,-1.821360488877932,,
2016,0.026,0.015,,,,IND,5800.48149366552,1343944296,India,LMC,43.54833333333334,,0.16180546658297892,8.665696209238089,21.01887463175987,3.7738714323786655,,-1.821360488877932,,
2017,0.031,0.021,220.0,,220.0,IND,6144.71714444938,1359657400,India,LMC,54.2475,0.16180546658297892,0.16180546658297892,8.723347990745332,21.03049859319457,3.9935569084094085,-1.821360488877932,-1.821360488877932,,
2018,0.03,0.022,355.0,25.0,330.0,IND,6714.96639877754,1374659064,India,LMC,71.06083333333333,0.2582458511327286,0.2582458511327286,8.812094105039762,21.041471583864862,4.263536317703028,-1.3538432364251702,-1.3538432364251702,0.6136363636363635,
2019,0.024,0.022,2330.0,2000.0,330.0,IND,7150.92423452926,1389030312,India,LMC,64.35833333333333,1.6774291963759533,1.6774291963759533,8.874996890904765,21.05187172337467,4.164466425787218,0.5172623811493497,0.5172623811493497,5.563380281690141,0.6136363636363635
2020,0.12,0.029,3230.0,2900.0,330.0,IND,6966.27542785911,1402617695,India,LMC,41.759166666666665,2.3028370535422344,2.3028370535422344,8.848835989027325,21.061606109843773,3.731918988075146,0.8341418643372046,0.8341418643372046,0.3862660944206009,5.563380281690141
2021,0.41,0.055,4910.0,4000.0,910.0,IND,8050.01857452664,1414203896,India,LMC,70.6775,3.4719180267341025,3.4719180267341025,8.99342967780456,21.06983259204506,4.2581272761411615,1.2447071867077812,1.2447071867077812,0.5201238390092879,0.3862660944206009
2022,1.4,0.16,10900.0,4100.0,6800.0,IND,9207.12743040145,1425423212,India,LMC,100.77749999999999,7.646851761805041,7.646851761805041,9.127733183791767,21.07773459745116,4.612915116435538,2.034294028730352,2.034294028730352,1.219959266802444,0.5201238390092879
2023,2.1,0.31,37000.0,14000.0,23000.0,IND,10323.4998734428,1438069596,India,LMC,82.46833333333333,25.72893558344863,25.72893558344863,9.242178116565798,21.08656749284882,4.412414381271988,3.247616256741817,3.247616256741817,2.3944954128440368,1.219959266802444
2024,2.1,0.48,75000.0,28000.0,47000.0,IND,11159.9856476091,1450935791,India,LMC,80.52666666666666,51.690778093156844,51.690778093156844,9.320089949877943,21.095474558318678,4.388588392509022,3.945279392164043,3.945279392164043,1.0270270270270272,2.3944954128440368
2015,3.9,0.36,31.0,20.0,11.0,ISL,49201.0640964553,330815,Iceland,HIC,52.35333333333333,93.70796366549278,93.70796366549278,10.803670530223252,12.709314585722742,3.9580156092786187,4.540183176726678,4.540183176726678,,
2016,6.3,0.75,51.0,40.0,11.0,ISL,53480.3971946764,335439,Iceland,HIC,43.54833333333334,152.03956606119146,152.03956606119146,10.887070458164299,12.723195400681126,3.7738714323786655,5.024140790007474,5.024140790007474,0.6451612903225807,
2017,14.0,1.7,68.0,36.0,32.0,ISL,55638.4920591794,343400,Iceland,HIC,54.2475,198.01980198019803,198.01980198019803,10.926630543929994,12.746651227445513,3.9935569084094085,5.288367035694868,5.288367035694868,0.33333333333333326,0.6451612903225807
2018,20.0,3.4,95.0,55.0,40.0,ISL,57197.7676247175,352721,Iceland,HIC,71.06083333333333,269.33468662200437,269.33468662200437,10.95427014906639,12.773432655137803,4.263536317703028,5.595954794427012,5.595954794427012,0.3970588235294117,0.33333333333333326
2019,26.0,4.7,260.0,150.0,110.0,ISL,60523.8179440825,360563,Iceland,HIC,64.35833333333333,721.0945105293665,721.0945105293665,11.010792251571473,12.79542197772042,4.164466425787218,6.580770211259383,6.580770211259383,1.736842105263158,0.3970588235294117
2020,52.0,6.5,500.0,210.0,290.0,ISL,55796.7454667632,366463,Iceland,HIC,41.759166666666665,1364.3942226091037,1364.3942226091037,10.929470821700034,12.81165284023301,3.731918988075146,7.218465816153456,7.218465816153456,0.9230769230769231,1.736842105263158
2021,70.0,9.3,680.0,120.0,560.0,ISL,61610.2132740715,372520,Iceland,HIC,70.6775,1825.4053473638999,1825.4053473638999,11.028582935682085,12.828046006635594,4.2581272761411615,7.509557349498833,7.509557349498833,0.3600000000000001,0.9230769230769231
2022,69.0,14.0,1030.0,180.0,850.0,ISL,75332.8528345867,382003,Iceland,HIC,100.77749999999999,2696.3139032939534,2696.3139032939534,11.229671611264026,12.853183740961017,4.612915116435538,7.89964089822694,7.89964089822694,0.5147058823529411,0.3600000000000001
2023,71.0,18.0,1810.0,410.0,1400.0,ISL,81608.4479116436,385663,Iceland,HIC,82.46833333333333,4693.216616579761,4693.216616579761,11.309688063922476,12.862719210115923,4.412414381271988,8.453873472108222,8.453873472108222,0.7572815533980584,0.5147058823529411
2024,42.0,18.0,3040.0,940.0,2100.0,ISL,84256.8454573112,386506,Iceland,HIC,80.52666666666666,7865.337148711792,7865.337148711792,11.341625096632693,12.864902670821849,4.388588392509022,8.970220681542694,8.970220681542694,0.6795580110497237,0.7572815533980584
2020,2.6,0.58,,,,ISR,40955.2856179152,9215100,Israel,HIC,41.759166666666665,,288.77844624640335,10.620236155870328,16.036354000899127,3.731918988075146,,5.665659772122765,,
2021,6.9,1.3,,,,ISR,46162.0822730247,9371400,Israel,HIC,70.6775,,288.77844624640335,10.739914010065442,16.05317305607387,4.2581272761411615,,5.665659772122765,,
2022,12.0,2.5,2760.0,260.0,2500.0,ISR,53619.0680995095,9557500,Israel,HIC,100.77749999999999,288.77844624640335,288.77844624640335,10.88966003192071,16.072836744552706,4.612915116435538,5.665659772122765,5.665659772122765,,
2023,17.0,4.2,4910.0,710.0,4200.0,ISR,55171.2318814321,9849000,Israel,HIC,82.46833333333333,498.5277693166819,498.5277693166819,10.918196934845035,16.10288048515184,4.412414381271988,6.211659293601001,6.211659293601001,0.7789855072463767,
2024,21.0,5.9,9100.0,2600.0,6500.0,ISR,57235.7763244136,9974400,Israel,HIC,80.52666666666666,912.3355790824511,912.3355790824511,10.954934442066191,16.115532368555154,4.388588392509022,6.816007881914061,6.816007881914061,0.8533604887983706,0.7789855072463767
2015,0.14,0.015,1770.0,70.0,1700.0,ITA,37384.3796455406,60229605,Italy,HIC,52.35333333333333,29.387541226611066,29.387541226611066,10.529008239623492,17.913674566804808,3.9580156092786187,3.3805708167273414,3.3805708167273414,0.25531914893617014,0.0071428571428571175
2016,0.15,0.022,2470.0,170.0,2300.0,ITA,40482.562999856,60115223,Italy,HIC,43.54833333333334,41.08776241252569,41.08776241252569,10.608626617170858,17.91177366194095,3.7738714323786655,3.7157103256453476,3.7157103256453476,0.3954802259887005,0.25531914893617014
2017,0.25,0.034,2860.0,460.0,2400.0,ITA,42142.3435406885,60002252,Italy,HIC,54.2475,47.66487764492573,47.66487764492573,10.648808299022276,17.90989265281535,3.9935569084094085,3.8641948089628224,3.8641948089628224,0.1578947368421053,0.3954802259887005
2018,0.5,0.058,3600.0,700.0,2900.0,ITA,43386.7005868803,60148658,Italy,HIC,71.06083333333333,59.85170940970953,59.85170940970953,10.677908235036435,17.912329689246626,4.263536317703028,4.091869993161848,4.091869993161848,0.25874125874125875,0.1578947368421053
2019,0.88,0.1,9400.0,1100.0,8300.0,ITA,46661.9105159611,59729081,Italy,HIC,64.35833333333333,157.3772748989726,157.3772748989726,10.75068349021427,17.905329578686892,4.164466425787218,5.058645947535476,5.058645947535476,1.6111111111111112,0.25874125874125875
2020,4.2,0.25,13500.0,1500.0,12000.0,ITA,44435.6434393527,59438851,Italy,HIC,41.759166666666665,227.12417506186316,227.12417506186316,10.70179720653027,17.900458627769716,3.731918988075146,5.425496894621079,5.425496894621079,0.43617021276595747,1.6111111111111112
2021,9.1,0.6,22200.0,2200.0,20000.0,ITA,49825.3934111848,59133173,Italy,HIC,70.6775,375.4237913125345,375.4237913125345,10.816280040909026,17.89530262778127,4.2581272761411615,5.928055498043374,5.928055498043374,0.6444444444444444,0.43617021276595747
2022,8.5,0.89,38000.0,7000.0,31000.0,ITA,57260.8945372493,59013667,Italy,HIC,100.77749999999999,643.9186366778395,643.9186366778395,10.95537320090607,17.893279619112445,4.612915116435538,6.4675723775603515,6.4675723775603515,0.7117117117117118,0.6444444444444444
2023,9.2,1.2,48100.0,8100.0,40000.0,ITA,60029.871712398,58984216,Italy,HIC,82.46833333333333,815.4723968866518,815.4723968866518,11.002597579185434,17.892780440654956,4.412414381271988,6.703767573403171,6.703767573403171,0.2657894736842106,0.7117117117117118
2024,7.9,1.5,60000.0,11000.0,49000.0,ITA,62014.2675153689,58952704,Italy,HIC,80.52666666666666,1017.7650205832798,1017.7650205832798,11.03511975876903,17.892246053276516,4.388588392509022,6.925364345891994,6.925364345891994,0.24740124740124747,0.2657894736842106
2015,0.58,0.22,22000.0,6000.0,16000.0,JPN,40898.80697396,127141000,Japan,HIC,52.35333333333333,173.03623536074122,173.03623536074122,10.618856172264628,18.660807264786893,3.9580156092786187,5.1535010255178335,5.1535010255178335,0.9130434782608696,5.388888888888889
2016,0.6,0.25,24100.0,7100.0,17000.0,JPN,40596.9686628995,127076000,Japan,HIC,43.54833333333334,189.65028801661998,189.65028801661998,10.611448679326987,18.66029589063476,3.7738714323786655,5.24518178680826,5.24518178680826,0.09545454545454546,0.9130434782608696
2017,1.2,0.31,29300.0,7300.0,22000.0,JPN,41444.2157443912,126972000,Japan,HIC,54.2475,230.75953753583468,230.75953753583468,10.63210360304266,18.6594771476743,3.9935569084094085,5.441376205295134,5.441376205295134,0.21576763485477168,0.09545454545454546
2018,1.1,0.36,29700.0,7700.0,22000.0,JPN,42141.9352987758,126811000,Japan,HIC,71.06083333333333,234.2068117119177,234.2068117119177,10.64879861176106,18.658208346993412,4.263536317703028,5.456204535761654,5.456204535761654,0.013651877133105783,0.21576763485477168
2019,0.9,0.41,30900.0,7900.0,23000.0,JPN,42678.1511448354,126633000,Japan,HIC,64.35833333333333,244.0122243017223,244.0122243017223,10.661442385471663,18.65680369721463,4.164466425787218,5.497218323635481,5.497218323635481,0.04040404040404044,0.013651877133105783
2020,0.77,0.45,29900.0,7900.0,22000.0,JPN,42425.6946789651,126261000,Japan,HIC,41.759166666666665,236.81105012632563,236.81105012632563,10.655509464251578,18.65386175103713,3.731918988075146,5.467262566305923,5.467262566305923,-0.032362459546925515,0.04040404040404044
2021,1.2,0.51,29000.0,8000.0,21000.0,JPN,44355.3487163354,125681593,Japan,HIC,70.6775,230.74182390415754,230.74182390415754,10.699988582863483,18.649262226879053,4.2581272761411615,5.441299440053832,5.441299440053832,-0.030100334448160515,-0.032362459546925515
2022,2.8,0.63,29400.0,8400.0,21000.0,JPN,47192.0500603372,125124989,Japan,HIC,100.77749999999999,234.9650556213036,234.9650556213036,10.761980726462506,18.644823707687568,4.612915116435538,5.45943680360348,5.45943680360348,0.01379310344827589,-0.030100334448160515
2023,3.5,0.84,31600.0,9600.0,22000.0,JPN,50661.7663463109,124516650,Japan,HIC,82.46833333333333,253.78132161441863,253.78132161441863,10.8329267896338,18.639949999867074,4.412414381271988,5.536472957672202,5.536472957672202,0.0748299319727892,0.01379310344827589
2024,2.8,1.0,34000.0,10000.0,24000.0,JPN,52039.1716551611,123975371,Japan,HIC,80.52666666666666,274.2480197941896,274.2480197941896,10.85975201503552,18.635593482873812,4.388588392509022,5.61403287868876,5.61403287868876,0.07594936708860756,0.0748299319727892
2015,0.22,0.033,1640.0,340.0,1300.0,KOR,39794.1961180043,51014947,"Korea, Rep.",HIC,52.35333333333333,32.147441023510225,32.147441023510225,10.591476354458061,17.74762922618088,3.9580156092786187,3.47033285260164,3.47033285260164,0.0,0.38983050847457634
2016,0.33,0.059,1590.0,490.0,1100.0,KOR,41672.6278317077,51217803,"Korea, Rep.",HIC,43.54833333333334,31.043893077569138,31.043893077569138,10.637599785344069,17.75159774441469,3.7738714323786655,3.4354021087638613,3.4354021087638613,-0.030487804878048808,0.0
2017,0.96,0.13,10490.0,490.0,10000.0,KOR,43155.9100867658,51361911,"Korea, Rep.",HIC,54.2475,204.23694904965666,204.23694904965666,10.672574653222165,17.754407424597705,3.9935569084094085,5.31928083475691,5.31928083475691,5.59748427672956,-0.030487804878048808
2018,3.9,0.31,31100.0,9100.0,22000.0,KOR,45511.0803506331,51585058,"Korea, Rep.",HIC,71.06083333333333,602.8877586994281,602.8877586994281,10.725711099481577,17.75874261487384,4.263536317703028,6.401731041257762,6.401731041257762,1.9647283126787416,5.59748427672956
2019,2.4,0.49,46100.0,9100.0,37000.0,KOR,46511.2196957018,51764822,"Korea, Rep.",HIC,64.35833333333333,890.5661841163097,890.5661841163097,10.747448846249732,17.76222136455961,4.164466425787218,6.791857422389402,6.791857422389402,0.482315112540193,1.9647283126787416
2020,2.5,0.69,63100.0,9100.0,54000.0,KOR,47881.4921344193,51836239,"Korea, Rep.",HIC,41.759166666666665,1217.2951050711838,1217.2951050711838,10.776484323230166,17.76360005722208,3.731918988075146,7.104386549271496,7.104386549271496,0.36876355748373113,0.482315112540193
2021,6.3,1.1,101100.0,9100.0,92000.0,KOR,51718.2518656631,51769539,"Korea, Rep.",HIC,70.6775,1952.8858466365714,1952.8858466365714,10.853566032346718,17.762312484067333,4.2581272761411615,7.577063478905504,7.577063478905504,0.6022187004754358,0.36876355748373113
2022,9.6,1.7,201000.0,21000.0,180000.0,KOR,55509.3368761174,51672569,"Korea, Rep.",HIC,100.77749999999999,3889.878205978108,3889.878205978108,10.924306517587224,17.760437618400346,4.612915116435538,8.266133126605142,8.266133126605142,0.9881305637982196,0.6022187004754358
2023,8.7,2.2,304000.0,34000.0,270000.0,KOR,57429.8031076402,51712619,"Korea, Rep.",HIC,82.46833333333333,5878.642503099679,5878.642503099679,10.958318665463821,17.76121239093359,4.412414381271988,8.679081147419044,8.679081147419044,0.5124378109452736,0.9881305637982196
2024,9.2,2.8,417000.0,47000.0,370000.0,KOR,61051.3492502498,51751065,"Korea, Rep.",HIC,80.52666666666666,8057.805187197598,8057.805187197598,11.019470580035826,17.761955569608137,4.388588392509022,8.994396489137074,8.994396489137074,0.3717105263157894,0.5124378109452736
2015,0.0086,0.0015,83.0,,83.0,MEX,19071.4444196466,121072306,Mexico,UMC,52.35333333333333,0.6855407544645263,0.6855407544645263,9.855947438759488,18.611898495334945,3.9580156092786187,-0.37754732957407344,-0.37754732957407344,,
2016,0.056,0.0057,246.0,6.0,240.0,MEX,20104.5839787472,122251351,Mexico,UMC,43.54833333333334,2.012247701049946,2.012247701049946,9.908703126689886,18.621589737382937,3.7738714323786655,0.6992523565137003,0.6992523565137003,1.963855421686747,
2017,0.091,0.012,750.0,50.0,700.0,MEX,20488.7150800441,123400057,Mexico,UMC,54.2475,6.077792978653162,6.077792978653162,9.927629529654322,18.630942131347936,3.9935569084094085,1.8046416331466955,1.8046416331466955,2.048780487804878,1.963855421686747
2018,0.15,0.02,1176.0,76.0,1100.0,MEX,20921.4775277572,124573711,Mexico,UMC,71.06083333333333,9.440194006904072,9.440194006904072,9.948531543206707,18.640408154897795,4.263536317703028,2.2449765315250496,2.2449765315250496,0.5680000000000001,2.048780487804878
2019,0.15,0.028,1176.0,76.0,1100.0,MEX,20964.2774847072,125762982,Mexico,UMC,64.35833333333333,9.35092331064478,9.35092331064478,9.950575196082655,18.64990959819611,4.164466425787218,2.235475088226736,2.235475088226736,0.0,0.5680000000000001
2020,0.49,0.046,1176.0,76.0,1100.0,MEX,19354.1248706244,126799054,Mexico,UMC,41.759166666666665,9.274517142690986,9.274517142690986,9.870660847348585,18.658114139371747,3.731918988075146,2.2272705470511003,2.2272705470511003,0.0,0.0
2021,0.78,0.076,1250.0,150.0,1100.0,MEX,20782.5877417545,127648148,Mexico,UMC,70.6775,9.792543171092463,9.792543171092463,9.941870787301998,18.664788193125055,4.2581272761411615,2.281621195135567,2.281621195135567,0.06292517006802711,0.0
2022,0.96,0.11,1520.0,220.0,1300.0,MEX,23135.4931601276,128613117,Mexico,UMC,100.77749999999999,11.818390187993035,11.818390187993035,10.04912321773926,18.672319363011095,4.612915116435538,2.4696568087935007,2.4696568087935007,0.21599999999999997,0.06292517006802711
2023,1.5,0.18,1600.0,200.0,1400.0,MEX,25243.1644887582,129739759,Mexico,UMC,82.46833333333333,12.332379929887184,12.332379929887184,10.136310684737534,18.681041148186182,4.412414381271988,2.512228318005965,2.512228318005965,0.05263157894736836,0.21599999999999997
2024,2.2,0.3,1850.0,250.0,1600.0,MEX,26185.3564713253,130861007,Mexico,UMC,80.52666666666666,14.137137122901706,14.137137122901706,10.172955620190727,18.689646302623085,4.388588392509022,2.6488051734135576,2.6488051734135576,0.15625,0.05263157894736836
2019,0.46,0.062,,,,MYS,28933.928297233,33440596,Malaysia,UMC,64.35833333333333,,8.750846170362815,10.272770175037332,17.325281168988454,4.164466425787218,,2.1691504008781997,,
2020,0.14,0.067,,,,MYS,27474.7361378236,33889558,Malaysia,UMC,41.759166666666665,,8.750846170362815,10.22102217550682,17.338617501302846,3.731918988075146,,2.1691504008781997,,
2021,0.28,0.077,300.0,,300.0,MYS,29822.8491831618,34282399,Malaysia,UMC,70.6775,8.750846170362815,8.750846170362815,10.303030129802847,17.350142631742276,4.2581272761411615,2.1691504008781997,2.1691504008781997,,
2022,0.49,0.1,440.0,,440.0,MYS,34419.8684975666,34695493,Malaysia,UMC,100.77749999999999,12.681762441017916,12.681762441017916,10.44638924923431,17.362120351755113,4.612915116435538,2.5401649331214697,2.5401649331214697,0.46666666666666656,
2023,1.5,0.29,1640.0,1100.0,540.0,MYS,36466.8914938333,35126298,Malaysia,UMC,82.46833333333333,46.688666138401494,46.688666138401494,10.504160045561695,17.374460638672065,4.412414381271988,3.843501440110452,3.843501440110452,2.727272727272727,0.46666666666666656
2024,3.6,0.5,2010.0,1300.0,710.0,MYS,38779.2830442253,35557673,Malaysia,UMC,80.52666666666666,56.527883587882705,56.527883587882705,10.565641440854346,17.38666652777361,4.388588392509022,4.034734031243786,4.034734031243786,0.22560975609756095,2.727272727272727
2015,3.5,1.1,18220.0,220.0,18000.0,NLD,50956.6930942185,16939923,Netherlands,HIC,52.35333333333333,1075.5656917684926,1075.5656917684926,10.83873139595479,16.645183701723305,3.9580156092786187,6.980602027054917,6.980602027054917,0.5033003300330032,1.0821164748325032
2016,11.0,1.4,32400.0,400.0,32000.0,NLD,53162.2791598028,17030314,Netherlands,HIC,43.54833333333334,1902.4898777556302,1902.4898777556302,10.881104385493591,16.650505490519393,3.7738714323786655,7.550918769225303,7.550918769225303,0.778265642151482,0.5033003300330032
2017,6.4,1.4,33410.0,410.0,33000.0,NLD,56037.567993606,17131296,Netherlands,HIC,54.2475,1950.2319030620918,1950.2319030620918,10.933777601821978,16.656417524181034,3.9935569084094085,7.575703569134044,7.575703569134044,0.031172839506172778,0.778265642151482
2018,6.2,1.7,36820.0,820.0,36000.0,NLD,58819.2609142584,17231624,Netherlands,HIC,71.06083333333333,2136.769000994915,2136.769000994915,10.982224646817523,16.66225685827024,4.263536317703028,7.667050154481102,7.667050154481102,0.10206524992517219,0.031172839506172778
2019,15.0,2.4,47300.0,1300.0,46000.0,NLD,62345.2538465433,17344874,Netherlands,HIC,64.35833333333333,2727.03047597809,2727.03047597809,11.040442827064764,16.66880757401829,4.164466425787218,7.910968558426005,7.910968558426005,0.2846279196089081,0.10206524992517219
2020,25.0,3.3,65300.0,2300.0,63000.0,NLD,62596.6302027524,17441500,Netherlands,HIC,41.759166666666665,3743.944041510191,3743.944041510191,11.044466725012311,16.674362981920844,3.731918988075146,8.227894891307955,8.227894891307955,0.38054968287526436,0.2846279196089081
2021,29.0,4.5,83800.0,2800.0,81000.0,NLD,68573.5648786446,17533044,Netherlands,HIC,70.6775,4779.546552213067,4779.546552213067,11.135662387823704,16.67959788700253,4.2581272761411615,8.472100957431918,8.472100957431918,0.2833078101071975,0.38054968287526436
2022,35.0,6.0,124500.0,4500.0,120000.0,NLD,78630.3599072098,17700982,Netherlands,HIC,100.77749999999999,7033.508084466726,7033.508084466726,11.27251316220019,16.689130676231077,4.612915116435538,8.858440876620097,8.858440876620097,0.4856801909307875,0.2833078101071975
2023,44.0,8.2,145000.0,5000.0,140000.0,NLD,81728.6904629268,17877117,Netherlands,HIC,82.46833333333333,8110.927505816515,8110.927505816515,11.31116038765976,16.699032073098078,4.412414381271988,9.000967506268907,9.000967506268907,0.16465863453815266,0.4856801909307875
2024,48.0,11.0,188000.0,8000.0,180000.0,NLD,86173.6290841738,17993485,Netherlands,HIC,80.52666666666666,10448.226121843545,10448.226121843545,11.364119482748793,16.705520305898293,4.388588392509022,9.254187493878065,9.254187493878065,0.29655172413793096,0.16465863453815266
2015,22.0,2.6,5530.0,330.0,5200.0,NOR,60737.8868132779,5188607,Norway,HIC,52.35333333333333,1065.796657946921,1065.796657946921,11.014322947301048,15.461975818345426,3.9580156092786187,6.9714778341352295,6.9714778341352295,0.04143126177024481,0.15535248041775462
2016,29.0,4.2,7500.0,500.0,7000.0,NOR,59280.1992028829,5234519,Norway,HIC,43.54833333333334,1432.7964040248971,1432.7964040248971,10.99003062033684,15.470785516499024,3.7738714323786655,7.267383340989651,7.267383340989651,0.35623869801084984,0.04143126177024481
2017,39.0,6.4,9220.0,920.0,8300.0,NOR,64589.5559196863,5276968,Norway,HIC,54.2475,1747.215446445762,1747.215446445762,11.075808003630323,15.478862248317874,3.9935569084094085,7.465778626197039,7.465778626197039,0.2293333333333334,0.35623869801084984
2018,49.0,8.9,10500.0,1200.0,9300.0,NOR,70253.8463693386,5311916,Norway,HIC,71.06083333333333,1976.6878843716654,1976.6878843716654,11.159870338285574,15.485463156760364,4.263536317703028,7.5891779373495245,7.5891779373495245,0.1388286334056399,0.2293333333333334
2019,56.0,12.0,14000.0,4000.0,10000.0,NOR,70939.605518036,5347896,Norway,HIC,64.35833333333333,2617.8519552362272,2617.8519552362272,11.169584167528898,15.492213770492821,4.164466425787218,7.870109396068849,7.870109396068849,0.33333333333333326,0.1388286334056399
2020,75.0,17.0,17300.0,5300.0,12000.0,NOR,67110.6045705502,5379475,Norway,HIC,41.759166666666665,3215.927204792289,3215.927204792289,11.114097351762434,15.498101343733252,3.731918988075146,8.075870994716894,8.075870994716894,0.23571428571428577,0.33333333333333326
2021,86.0,22.0,19700.0,6700.0,13000.0,NOR,88984.1386736515,5408320,Norway,HIC,70.6775,3642.5359446186617,3642.5359446186617,11.39621341568173,15.503449066552001,4.2581272761411615,8.200435406138354,8.200435406138354,0.1387283236994219,0.23571428571428577
2022,89.0,26.0,25000.0,10000.0,15000.0,NOR,125489.548935602,5457127,Norway,HIC,100.77749999999999,4581.165144223325,4581.165144223325,11.739977758672856,15.512433018758106,4.612915116435538,8.429708643056506,8.429708643056506,0.2690355329949239,0.1387283236994219
2023,90.0,30.0,28000.0,12000.0,16000.0,NOR,103637.516843678,5519601,Norway,HIC,82.46833333333333,5072.830445534016,5072.830445534016,11.548654674949397,15.523816133032069,4.412414381271988,8.531654214089546,8.531654214089546,0.1200000000000001,0.2690355329949239
2024,92.0,32.0,31000.0,13000.0,18000.0,NOR,102037.526800237,5572279,Norway,HIC,80.52666666666666,5563.253383400221,5563.253383400221,11.533095934410436,15.533314684415792,4.388588392509022,8.623938357015765,8.623938357015765,0.1071428571428572,0.1200000000000001
2015,0.6,0.03,,,,NZL,37513.2963872442,4609400,New Zealand,HIC,52.35333333333333,,20.774472328402858,10.532450719439812,15.343608254658527,3.9580156092786187,,3.0337249410640865,,
2016,1.7,0.079,,,,NZL,39988.9250855472,4714100,New Zealand,HIC,43.54833333333334,,20.774472328402858,10.596357821898387,15.366068575660085,3.7738714323786655,,3.0337249410640865,,
2017,3.4,0.19,100.0,100.0,,NZL,42243.5084459397,4813600,New Zealand,HIC,54.2475,20.774472328402858,20.774472328402858,10.651205974730578,15.386955802888279,3.9935569084094085,3.0337249410640865,3.0337249410640865,,
2018,4.9,0.36,289.0,200.0,89.0,NZL,42527.2784103301,4900600,New Zealand,HIC,71.06083333333333,58.97237073011468,58.97237073011468,10.657900993967079,15.404868204564183,4.263536317703028,4.077069041512524,4.077069041512524,1.8900000000000001,
2019,5.9,0.56,133.0,3.0,130.0,NZL,45278.4587226734,4970300,New Zealand,HIC,64.35833333333333,26.758948152023017,26.758948152023017,10.720586673487515,15.418990758424128,4.164466425787218,3.2868689277619008,3.2868689277619008,-0.5397923875432526,1.8900000000000001
2020,5.4,0.74,470.0,320.0,150.0,NZL,45513.3123768343,5072400,New Zealand,HIC,41.759166666666665,92.65830770443971,92.65830770443971,10.72576014185659,15.439324636342882,3.731918988075146,4.528918616325496,4.528918616325496,2.5338345864661656,-0.5397923875432526
2021,7.6,1.1,600.0,430.0,170.0,NZL,48248.7176729892,5084600,New Zealand,HIC,70.6775,118.00338276363922,118.00338276363922,10.784124529688352,15.441726921637192,4.2581272761411615,4.770713291543228,4.770713291543228,0.27659574468085113,2.5338345864661656
2022,18.0,2.0,700.0,480.0,220.0,NZL,54033.9130125651,5081700,New Zealand,HIC,100.77749999999999,137.74917842454298,137.74917842454298,10.897367147176368,15.441156409242582,4.612915116435538,4.925434483765096,4.925434483765096,0.16666666666666674,0.27659574468085113
2023,27.0,2.6,1140.0,860.0,280.0,NZL,54697.382252318,5200000,New Zealand,HIC,82.46833333333333,219.23076923076923,219.23076923076923,10.909571130817348,15.464169183551656,4.412414381271988,5.3901249158011595,5.3901249158011595,0.6285714285714286,0.16666666666666674
2024,11.0,3.3,1440.0,1100.0,340.0,NZL,55551.143658637,5287500,New Zealand,HIC,80.52666666666666,272.3404255319149,272.3404255319149,10.925059382770105,15.48085610233667,4.388588392509022,5.60705284819765,5.60705284819765,0.26315789473684204,0.6285714285714286
2015,0.061,0.012,298.0,8.0,290.0,POL,26988.1069013509,37986412,Poland,HIC,52.35333333333333,7.844910437974505,7.844910437974505,10.20315156280924,17.452739074796696,3.9580156092786187,2.0598649696729834,2.0598649696729834,1.403225806451613,
2016,0.12,0.017,302.0,12.0,290.0,POL,28359.6927346266,37970087,Poland,HIC,43.54833333333334,7.953629392526807,7.953629392526807,10.252724146124274,17.45230922348795,3.7738714323786655,2.073628351851192,2.073628351851192,0.01342281879194629,1.403225806451613
2017,0.22,0.014,453.0,43.0,410.0,POL,30170.2818974087,37974826,Poland,HIC,54.2475,11.928955250512537,11.928955250512537,10.314612675742492,17.452434024473796,3.9935569084094085,2.478968658973512,2.478968658973512,0.5,0.01342281879194629
2018,0.26,0.021,600.0,110.0,490.0,POL,32345.1066076225,37974750,Poland,HIC,71.06083333333333,15.799972350048387,15.799972350048387,10.384218024426357,17.452432023145967,4.263536317703028,2.760008190034452,2.760008190034452,0.32450331125827825,0.5
2019,0.48,0.047,650.0,120.0,530.0,POL,35882.3655065553,37965475,Poland,HIC,64.35833333333333,17.12081832243637,17.12081832243637,10.488001242275905,17.452187752074973,4.164466425787218,2.840295168778982,2.840295168778982,0.08333333333333326,0.32450331125827825
2020,1.9,0.095,1520.0,520.0,1000.0,POL,37089.3004256812,37515748,Poland,HIC,41.759166666666665,40.5163186403747,40.5163186403747,10.521083808771142,17.440271349454385,3.731918988075146,3.7017048223502127,3.7017048223502127,1.3384615384615386,0.08333333333333326
2021,3.6,0.19,3800.0,1500.0,2300.0,POL,41059.5847829682,36981559,Poland,HIC,70.6775,102.75391580976887,102.75391580976887,10.622779578075816,17.425929940957836,4.2581272761411615,4.632336962720917,4.632336962720917,1.5,1.3384615384615386
2022,5.9,0.31,4520.0,520.0,4000.0,POL,46777.5524519162,36821749,Poland,HIC,100.77749999999999,122.75353894786477,122.75353894786477,10.753158718374289,17.42159923399901,4.612915116435538,4.810178596791541,4.810178596791541,0.18947368421052624,1.5
2023,6.4,0.49,5900.0,1500.0,4400.0,POL,48473.0940286419,36687353,Poland,HIC,82.46833333333333,160.81836157544535,160.81836157544535,10.788764160691994,17.417942648730254,4.412414381271988,5.0802755391278325,5.0802755391278325,0.30530973451327426,0.18947368421052624
2024,5.7,1.1,9200.0,3000.0,6200.0,POL,51262.5105756884,36559233,Poland,HIC,80.52666666666666,251.6464171991792,251.6464171991792,10.844714976004871,17.414444325117902,4.388588392509022,5.528024995883503,5.528024995883503,0.5593220338983051,0.30530973451327426
2015,0.62,0.053,1222.0,22.0,1200.0,PRT,29608.0071513956,10358076,Portugal,HIC,52.35333333333333,117.97557770381295,117.97557770381295,10.295800115601885,16.153277063262863,3.9580156092786187,4.770477634432951,4.770477634432951,0.0041084634346755244,0.0
2016,0.87,0.089,1341.0,41.0,1300.0,PRT,31589.2695609552,10325452,Portugal,HIC,43.54833333333334,129.87324913233823,129.87324913233823,10.360572771051917,16.150122473092885,3.7738714323786655,4.866558968153068,4.866558968153068,0.09738134206219318,0.0041084634346755244
2017,1.9,0.17,1650.0,150.0,1500.0,PRT,32970.8395386562,10300300,Portugal,HIC,54.2475,160.18950904342591,160.18950904342591,10.403378799455751,16.147683578989298,3.9935569084094085,5.0763575458696035,5.0763575458696035,0.23042505592841156,0.09738134206219318
2018,3.6,0.32,1780.0,180.0,1600.0,PRT,34896.7993382974,10283822,Portugal,HIC,71.06083333333333,173.08739882895676,173.08739882895676,10.460150394480573,16.14608253877783,4.263536317703028,5.153796662472576,5.153796662472576,0.07878787878787885,0.23042505592841156
2019,5.6,0.54,1960.0,360.0,1600.0,PRT,37865.5603564295,10286263,Portugal,HIC,64.35833333333333,190.54539048826575,190.54539048826575,10.541797280234922,16.146319873724327,4.164466425787218,5.249890436464511,5.249890436464511,0.101123595505618,0.07878787878787885
2020,13.0,0.87,2920.0,720.0,2200.0,PRT,35966.712796561,10297081,Portugal,HIC,41.759166666666665,283.5755103800776,283.5755103800776,10.490349145150816,16.147371014976795,3.731918988075146,5.647478438249808,5.647478438249808,0.48979591836734704,0.101123595505618
2021,20.0,1.4,4200.0,1400.0,2800.0,PRT,38657.6677223425,10361831,Portugal,HIC,70.6775,405.33376774819044,405.33376774819044,10.562500423015528,16.153639516631124,4.2581272761411615,6.004710845604609,6.004710845604609,0.4383561643835616,0.48979591836734704
2022,22.0,1.9,5600.0,1600.0,4000.0,PRT,45250.0148759865,10434332,Portugal,HIC,100.77749999999999,536.6898427230416,536.6898427230416,10.719958277879101,16.160612081111356,4.612915116435538,6.28542035357616,6.28542035357616,0.33333333333333326,0.4383561643835616
2023,32.0,3.0,9400.0,3800.0,5600.0,PRT,49352.8388613032,10578174,Portugal,HIC,82.46833333333333,888.622176190333,888.622176190333,10.806750568258861,16.174303379707034,4.412414381271988,6.7896721465153345,6.7896721465153345,0.6785714285714286,0.33333333333333326
2024,33.0,4.2,13100.0,3800.0,9300.0,PRT,51679.8883807527,10694681,Portugal,HIC,80.52666666666666,1224.907970607071,1224.907970607071,10.852823978638995,16.185257073031835,4.388588392509022,7.110620994121682,7.110620994121682,0.3936170212765957,0.6785714285714286
2019,0.073,0.007,,,,RUS,30963.853515625,145453291,Russian Federation,HIC,64.35833333333333,,32.47050182718423,10.340575787517167,18.795365568981588,4.164466425787218,,3.4803320410980123,,
2020,0.1,0.01,,,,RUS,31490.8046875,145245148,Russian Federation,HIC,41.759166666666665,,32.47050182718423,10.3574508675158,18.79393354866331,3.731918988075146,,3.4803320410980123,,
2021,0.13,0.015,4700.0,1600.0,3100.0,RUS,38638.4296875,144746762,Russian Federation,HIC,70.6775,32.47050182718423,32.47050182718423,10.562002647943192,18.790496304564414,4.2581272761411615,3.4803320410980123,3.4803320410980123,,
2022,0.13,0.017,5400.0,2200.0,3200.0,RUS,40938.98828125,144236933,Russian Federation,HIC,100.77749999999999,37.4384000525025,37.4384000525025,10.619838146678614,18.78696787346078,4.612915116435538,3.6226969170558587,3.6226969170558587,0.14893617021276606,
2023,0.22,0.022,10500.0,5700.0,4800.0,RUS,44268.73046875,143826130,Russian Federation,HIC,82.46833333333333,73.00481491089275,73.00481491089275,10.698033848304602,18.78411569745315,4.412414381271988,4.290525396656741,4.290525396656741,0.9444444444444444,0.14893617021276606
2024,2.9,0.096,10600.0,5700.0,4900.0,RUS,47404.96484375,143533851,Russian Federation,HIC,80.52666666666666,73.8501748970701,73.8501748970701,10.766482245736976,18.782081460815373,4.388588392509022,4.302038377249061,4.302038377249061,0.00952380952380949,0.9444444444444444
2015,2.4,0.31,1100.0,,1100.0,SWE,48772.0696057277,9799186,Sweden,HIC,52.35333333333333,112.25422193231151,112.25422193231151,10.794913083844882,16.097809878966537,3.9580156092786187,4.7207661377842,4.7207661377842,0.10000000000000009,199.0
2016,3.4,0.55,2220.0,520.0,1700.0,SWE,50289.7687144136,9923085,Sweden,HIC,43.54833333333334,223.72074813427477,223.72074813427477,10.825556930118124,16.110374418817567,3.7738714323786655,5.410398614013032,5.410398614013032,1.018181818181818,0.10000000000000009
2017,5.1,0.92,3590.0,190.0,3400.0,SWE,51474.1199115161,10057698,Sweden,HIC,54.2475,356.9405245613857,356.9405245613857,10.848834434353346,16.12384886941319,3.9935569084094085,5.877569170033406,5.877569170033406,0.617117117117117,1.018181818181818
2018,7.6,1.3,6500.0,1000.0,5500.0,SWE,53122.438677218,10175214,Sweden,HIC,71.06083333333333,638.8072034652047,638.8072034652047,10.880354691929707,16.135465321012795,4.263536317703028,6.4596026928352055,6.4596026928352055,0.8105849582172702,0.617117117117117
2019,11.0,2.0,9000.0,1200.0,7800.0,SWE,57046.4463076951,10278887,Sweden,HIC,64.35833333333333,875.5811791685229,875.5811791685229,10.95162106251212,16.145602543647346,4.164466425787218,6.774887870635283,6.774887870635283,0.3846153846153846,0.8105849582172702
2020,32.0,3.6,11200.0,1400.0,9800.0,SWE,57489.2657196219,10353442,Sweden,HIC,41.759166666666665,1081.7658513951205,1081.7658513951205,10.959353526220966,16.152829582776178,3.731918988075146,6.986350032471282,6.986350032471282,0.24444444444444446,0.3846153846153846
2021,43.0,6.0,13700.0,1700.0,12000.0,SWE,62731.700616293,10415811,Sweden,HIC,70.6775,1315.3080446640208,1315.3080446640208,11.046622190818853,16.158835498104573,4.2581272761411615,7.181826171675919,7.181826171675919,0.2232142857142858,0.24444444444444446
2022,54.0,8.7,17600.0,2600.0,15000.0,SWE,67075.6762724717,10486941,Sweden,HIC,100.77749999999999,1678.2777742336875,1678.2777742336875,11.113576757575785,16.165641326787558,4.612915116435538,7.425523412202961,7.425523412202961,0.2846715328467153,0.2232142857142858
2023,60.0,11.0,37800.0,7800.0,30000.0,SWE,69226.3272756663,10536632,Sweden,HIC,82.46833333333333,3587.484122061015,3587.484122061015,11.14513652121276,16.170368505420207,4.412414381271988,8.185206434151745,8.185206434151745,1.147727272727273,0.2846715328467153
2024,58.0,13.0,44600.0,6600.0,38000.0,SWE,71844.9129880579,10569709,Sweden,HIC,80.52666666666666,4219.605289038705,4219.605289038705,11.182265088556134,16.173502826720043,4.388588392509022,8.347496869252385,8.347496869252385,0.17989417989418,1.147727272727273
2015,0.0046,0.0027,,,,THA,15791.1714762207,70540795,Thailand,UMC,52.35333333333333,,1.3490689674550744,9.667206295518614,18.071701752909977,3.9580156092786187,,0.2994147007928229,,
2016,0.0048,0.0027,,,,THA,16671.2506902144,70859841,Thailand,UMC,43.54833333333334,,1.3490689674550744,9.721440999338082,18.076214413537947,3.7738714323786655,,0.2994147007928229,,
2017,0.018,0.0027,96.0,8.0,88.0,THA,17573.339815536,71160187,Thailand,UMC,54.2475,1.3490689674550744,1.3490689674550744,9.774138249374069,18.080444048639286,3.9935569084094085,0.2994147007928229,0.2994147007928229,,
2018,0.87,0.057,96.0,8.0,88.0,THA,18876.2208766741,71376079,Thailand,UMC,71.06083333333333,1.3449884239228103,1.3449884239228103,9.84565825423332,18.083473343164187,4.263536317703028,0.2963854062679242,0.2963854062679242,0.0,
2019,1.0,0.12,819.0,69.0,750.0,THA,19963.3918407099,71522271,Thailand,UMC,64.35833333333333,11.450978674880163,11.450978674880163,9.90165546732796,18.08551944168111,4.164466425787218,2.438075200136233,2.438075200136233,7.53125,0.0
2020,1.1,0.16,1910.0,710.0,1200.0,THA,19163.7415152349,71641484,Thailand,UMC,41.759166666666665,26.660530929258805,26.660530929258805,9.860775309873794,18.087184849626773,3.731918988075146,3.2831842293781768,3.2831842293781768,1.3321123321123323,7.53125
2021,1.2,0.21,2270.0,770.0,1500.0,THA,20242.7700035656,71727332,Thailand,UMC,70.6775,31.647629107409152,31.647629107409152,9.915552971920892,18.08838243237392,4.2581272761411615,3.454663236065802,3.454663236065802,0.18848167539267013,1.3321123321123323
2022,2.3,0.32,3200.0,1600.0,1600.0,THA,22243.0747727026,71735329,Thailand,UMC,100.77749999999999,44.60842439295149,44.60842439295149,10.009785992976575,18.088493917828778,4.612915116435538,3.797922728923315,3.797922728923315,0.4096916299559472,0.18848167539267013
2023,11.0,0.82,10500.0,5800.0,4700.0,THA,23519.2120979823,71702435,Thailand,UMC,82.46833333333333,146.438541452602,146.438541452602,10.065572902216005,18.088035265941585,4.412414381271988,4.986605828168304,4.986605828168304,2.28125,0.4096916299559472
2024,13.0,1.2,13400.0,8700.0,4700.0,THA,24712.0658575135,71668011,Thailand,UMC,80.52666666666666,186.97323691597913,186.97323691597913,10.115046899596223,18.08755505538743,4.388588392509022,5.230965488515847,5.230965488515847,0.2761904761904761,2.28125
2015,0.03,0.0038,,,,TUR,25890.0548901058,78218479,Turkiye,UMC,52.35333333333333,,0.13875230546415912,10.161614192871022,18.175016481947893,3.9580156092786187,,-1.9750649105357332,,
2016,0.017,0.0062,11.0,,11.0,TUR,26730.7599731835,79277962,Turkiye,UMC,43.54833333333334,0.13875230546415912,0.13875230546415912,10.193570240198438,18.188470741298378,3.7738714323786655,-1.9750649105357332,-1.9750649105357332,,
2017,0.015,0.0069,69.0,,69.0,TUR,28353.5406410966,80312698,Turkiye,UMC,54.2475,0.8591418507693516,0.8591418507693516,10.252507191696253,18.201438298420424,3.9935569084094085,-0.15182123585889035,-0.15182123585889035,5.2727272727272725,
2018,0.045,0.0086,69.0,,69.0,TUR,28640.3401839802,81407204,Turkiye,UMC,71.06083333333333,0.8475908348356984,0.8475908348356984,10.262571498936309,18.21497432828527,4.263536317703028,-0.1653572657237337,-0.1653572657237337,0.0,5.2727272727272725
2019,0.084,0.017,150.0,,150.0,TUR,29016.4555653445,82579440,Turkiye,UMC,64.35833333333333,1.8164327585655702,1.8164327585655702,10.275618381326959,18.229271297096247,4.164466425787218,0.5968745549642835,0.5968745549642835,1.1739130434782608,0.0
2020,0.21,0.035,1261.0,61.0,1200.0,TUR,29209.3308866883,83384680,Turkiye,UMC,41.759166666666665,15.122682008253793,15.122682008253793,10.282243488124838,18.23897515740978,3.731918988075146,2.716195736519416,2.716195736519416,7.406666666666666,1.1739130434782608
2021,0.63,0.074,1970.0,170.0,1800.0,TUR,32105.5474400506,84147318,Turkiye,UMC,70.6775,23.411322509411413,23.411322509411413,10.37678411163395,18.24807960643542,4.2581272761411615,3.1532197732608855,3.1532197732608855,0.5622521808088818,7.406666666666666
2022,1.3,0.14,2160.0,360.0,1800.0,TUR,39564.1103267333,84979913,Turkiye,UMC,100.77749999999999,25.41777137380689,25.41777137380689,10.58567768141952,18.257925468880117,4.612915116435538,3.235448589762368,3.235448589762368,0.09644670050761417,0.5622521808088818
2023,7.2,0.66,10100.0,3100.0,7000.0,TUR,42786.2004948664,85325965,Turkiye,UMC,82.46833333333333,118.36959593718043,118.36959593718043,10.663970911237676,18.261989362391304,4.412414381271988,4.773811898402322,4.773811898402322,3.6759259259259256,0.09644670050761417
2024,11.0,1.4,11900.0,5900.0,6000.0,TUR,45639.0192735944,85518661,Turkiye,UMC,80.52666666666666,139.15091584513937,139.15091584513937,10.728518315436512,18.26424516740227,4.388588392509022,4.935559069661626,4.935559069661626,0.17821782178217815,3.6759259259259256
2015,0.7,0.19,31500.0,3500.0,28000.0,USA,56849.4697923159,321815121,United States,HIC,52.35333333333333,97.88228689229305,97.88228689229305,10.948162172702753,19.589487780231543,3.9580156092786187,4.583765602546454,4.583765602546454,0.575,0.33333333333333326
2016,0.99,0.26,38800.0,3800.0,35000.0,USA,57976.628204291,324353340,United States,HIC,43.54833333333334,119.62263129462455,119.62263129462455,10.967795246322572,19.597344035088433,3.7738714323786655,4.784342048487206,4.784342048487206,0.2317460317460318,0.575
2017,1.3,0.33,45600.0,5600.0,40000.0,USA,60047.7190728307,326608609,United States,HIC,54.2475,139.6166504600618,139.6166504600618,11.002894842987072,19.60427309761435,3.9935569084094085,4.938900455852402,4.938900455852402,0.17525773195876293,0.2317460317460318
2018,2.3,0.48,61000.0,11000.0,50000.0,USA,62875.6661382728,328529577,United States,HIC,71.06083333333333,185.67582425006438,185.67582425006438,11.048914501990415,19.610137428365576,4.263536317703028,5.224002272754148,5.224002272754148,0.3377192982456141,0.17525773195876293
2019,2.1,0.62,77000.0,13000.0,64000.0,USA,65227.9565911035,330226227,United States,HIC,64.35833333333333,233.1734844307203,233.1734844307203,11.085643438086121,19.61528851391572,4.164466425787218,5.451782744884375,5.451782744884375,0.2622950819672132,0.3377192982456141
2020,2.3,0.78,98000.0,17000.0,81000.0,USA,64401.5074354209,331577720,United States,HIC,41.759166666666665,295.55664958429657,295.55664958429657,11.07289231920081,19.619372789583306,3.731918988075146,5.688860526033678,5.688860526033678,0.2727272727272727,0.2622950819672132
2021,4.7,0.97,113000.0,22000.0,91000.0,USA,71307.4017277218,332099760,United States,HIC,70.6775,340.25920404158074,340.25920404158074,11.174755412062385,19.62094596367282,4.2581272761411615,5.829707691985932,5.829707691985932,0.15306122448979598,0.2727272727272727
2022,7.4,1.4,129000.0,29000.0,100000.0,USA,77860.9112908848,334017321,United States,HIC,100.77749999999999,386.20751646589014,386.20751646589014,11.262679325320006,19.626703408877766,4.612915116435538,5.956374832430318,5.956374832430318,0.1415929203539823,0.15306122448979598
2023,9.5,2.1,160000.0,40000.0,120000.0,USA,82304.6204272866,336806231,United States,HIC,82.46833333333333,475.0505937047227,475.0505937047227,11.3181825263686,19.635018340755135,4.412414381271988,6.163421311425102,6.163421311425102,0.24031007751937983,0.1415929203539823
2024,10.0,2.7,193000.0,53000.0,140000.0,USA,85809.9003846359,340110988,United States,HIC,80.52666666666666,567.4618192576595,567.4618192576595,11.359889667917564,19.64478255760019,4.388588392509022,6.341173468251107,6.341173468251107,0.20625000000000004,0.24031007751937983
2021,0.041,0.0046,,,,VNM,12048.9019935536,98935098,Viet Nam,LMC,70.6775,,48.828031579021214,9.396728813900122,18.409974617357538,4.2581272761411615,,3.888304565547354,,
2022,2.5,0.35,,,,VNM,13905.1536875216,99680655,Viet Nam,LMC,100.77749999999999,,48.828031579021214,9.54001481928743,18.417482184009117,4.612915116435538,,3.888304565547354,,
2023,9.8,1.8,4900.0,3300.0,1600.0,VNM,15033.8768594355,100352192,Viet Nam,LMC,82.46833333333333,48.828031579021214,48.828031579021214,9.618061390898728,18.42419647651564,4.412414381271988,3.888304565547354,3.888304565547354,,
2024,17.0,4.6,6100.0,4000.0,2100.0,VNM,16385.5065565458,100987686,Viet Nam,LMC,80.52666666666666,60.403404034824604,60.403404034824604,9.704152476525996,18.430509146580512,4.388588392509022,4.101045461545167,4.101045461545167,0.24489795918367352,
2015,0.058,0.0042,,,,ZAF,13397.5234813346,56723537,South Africa,UMC,52.35333333333333,,2.1514644133385104,9.502825154032863,17.853699797200182,3.9580156092786187,,0.7661487327639578,,
2016,0.1,0.0095,,,,ZAF,13519.3235102376,57259551,South Africa,UMC,43.54833333333334,,2.1514644133385104,9.511875312120072,17.86310501617842,3.7738714323786655,,0.7661487327639578,,
2017,0.053,0.012,124.0,37.0,87.0,ZAF,13738.4385854596,57635162,South Africa,UMC,54.2475,2.1514644133385104,2.1514644133385104,9.527952919250376,17.869643390805354,3.9935569084094085,0.7661487327639578,0.7661487327639578,,
2018,0.041,0.014,241.0,81.0,160.0,ZAF,13347.3634826038,58613001,South Africa,UMC,71.06083333333333,4.111715760808766,4.111715760808766,9.499074152384503,17.886467090008196,4.263536317703028,1.413840401446734,1.413840401446734,0.9435483870967742,
2019,0.064,0.016,240.0,130.0,110.0,ZAF,13361.4851289112,59587885,South Africa,UMC,64.35833333333333,4.027664348214406,4.027664348214406,9.500131603256214,17.90296283956098,4.164466425787218,1.3931866417452827,1.3931866417452827,-0.004149377593360981,0.9435483870967742
2020,0.098,0.019,300.0,160.0,140.0,ZAF,12671.0862436851,60562381,South Africa,UMC,41.759166666666665,4.95357010484776,4.95357010484776,9.447078003159227,17.91918448270105,3.731918988075146,1.6001085499194272,1.6001085499194272,0.25,-0.004149377593360981
2021,0.088,0.023,300.0,160.0,140.0,ZAF,13681.9548144813,61502603,South Africa,UMC,70.6775,4.877842324819976,4.877842324819976,9.523833076763326,17.93459005708431,4.2581272761411615,1.584702975536163,1.584702975536163,0.0,0.25
2022,0.17,0.028,330.0,180.0,150.0,ZAF,14749.0478045301,62378410,South Africa,UMC,100.77749999999999,5.290291945562575,5.290291945562575,9.598933804059083,17.94872977988032,4.612915116435538,1.6658734325444795,1.6658734325444795,0.10000000000000009,0.0
2023,0.3,0.044,350.0,180.0,170.0,ZAF,15199.7329823776,63212384,South Africa,UMC,82.46833333333333,5.536889733505384,5.536889733505384,9.629033139731225,17.962010789288605,4.412414381271988,1.7114329231591288,1.7114329231591288,0.06060606060606055,0.10000000000000009
2024,0.61,0.066,380.0,190.0,190.0,ZAF,15456.1989933658,64007187,South Africa,UMC,80.52666666666666,5.936833312171647,5.936833312171647,9.645765431198987,17.974505931894125,4.388588392509022,1.7811758787905816,1.7811758787905816,0.08571428571428563,0.06060606060606055
